question,ts,attempt,returncode,stdout,stderr
"create 2 lists of random numbers, and find the correlation between those arrays, and return the correlation a json array",2025-08-17 10:55:54.520671,0,0,,
"create 2 lists of random numbers, and find the correlation between those arrays, and return the correlation a json array",2025-08-17 11:02:38.830764,0,0,"[
  {
    ""correlation"": 0.012181249993268821,
    ""list1_size"": 100,
    ""list2_size"": 100,
    ""list1_sample"": [
      27.885359691576753,
      -94.99784895546661,
      -44.99413632617615,
      -55.35785237023545,
      47.29424283280247
    ],
    ""list2_sample"": [
      -97.70379561143608,
      44.14436387203892,
      36.34207380531495,
      7.394066081759036,
      -46.634962009491446
    ]
  }
]
","Reading inline script metadata from `analysis_script.py`
"
"create 2 lists of random numbers, and find the correlation between those arrays, and return only the correlation value in a json array",2025-08-17 11:04:35.722906,0,0,"[0.01218124999326883]
","Reading inline script metadata from `analysis_script.py`
"
"create 2 lists of random numbers, and find the correlation between those arrays, and return only the correlation value in a json array",2025-08-17 11:05:20.199767,0,0,"[0.012181249993268828]
","Reading inline script metadata from `analysis_script.py`
"
"Scrape the list of highest grossing films from Wikipedia. It is at the URL:
https://en.wikipedia.org/wiki/List_of_highest-grossing_films

Answer the following questions and respond with a JSON array of strings containing the answer.

1. How many $2 bn movies were released before 2000?
2. Which is the earliest film that grossed over $1.5 bn?
3. What's the correlation between the Rank and Peak?
4. Draw a scatterplot of Rank and Peak along with a dotted red regression line through it.
   Return as a base-64 encoded data URI, `""data:image/png;base64,iVBORw0KG...""` under 100,000 bytes.",2025-08-17 11:07:41.664170,0,0,"[
  ""1"",
  ""Titanic"",
  ""0.7805"",
  ""data:image/png;base64,iVBORw0KGgoAAAANSUhEUgAAA04AAAIjCAYAAAA0vUuxAAAAOnRFWHRTb2Z0d2FyZQBNYXRwbG90bGliIHZlcnNpb24zLjEwLjUsIGh0dHBzOi8vbWF0cGxvdGxpYi5vcmcvWftoOwAAAAlwSFlzAAAPYQAAD2EBqD+naQAAYFlJREFUeJzt3Q181eP/x/H3Vq11t+403RNFKkVuft1QblIqFAm5KUKiO/z4+fHjT+5yT0kpUUJSUSH9SFQolEK5iYjS3dLNtlZbtZ3/4/P9/tbZqa2z1Xa+5+b1fDyO7VznbF0755qd97mu63PF+Xw+nwAAAAAABYov+CYAAAAAgCE4AQAAAEAQBCcAAAAACILgBAAAAABBEJwAAAAAIAiCEwAAAAAEQXACAAAAgCAITgAAAAAQBMEJAAAAAIIgOAEAPPHHH38oLi5OEyZMUCz//E899ZTXXQkbNhbsMVmyZInXXQGAAxCcAKCYLV++XJdeeqmOOuooJSYmqk6dOjrvvPP0/PPPl9i/OWnSJD333HMHtK9fv14PPPCAvv32W4XKvHnznBe/uZcyZcromGOOUe/evfX7778Xy7+xcOFC5+favn37YX2fo48+OqCvFSpU0Omnn66JEycqluWGutxLqVKlVL9+fV188cUhHUsAEE5Ke90BAIgm9oL+7LPPdl5k3njjjapZs6bWrl2rL7/8UsOHD9egQYNKLDitWLFCt9566wHBaejQoU5AOOmkkxRKgwcP1mmnnaY9e/Zo6dKlGjt2rGbNmuUEy9q1ax/242w/17XXXqsqVaoc1veyx+Wf//yn8/mGDRs0btw49enTR1lZWc5zGMt69eqlLl26KDs7Wz/99JNGjx6t2bNnO+M51OMJALxGcAKAYvTII4+ocuXKWrx48QEv6FNSUhQtMjIynNmZgznzzDOdmTdz3XXX6bjjjnPC1Kuvvqq7775b4cJmBK+++up91y2M2QzZs88+G/PBqWXLlgGPTdu2bXXRRRc5AWrMmDGe9g0AQo2legBQjH777Tc1bdo031mQ5OTkA9pef/11Z2lY+fLlVbVqVbVr104fffTRvttnzpyprl27OjM0ZcuW1bHHHquHHnrImQHIddZZZzkzOX/++ee+pVU2w2RL5mzGJze45N6Wd0/RV199pfPPP98Je9aH9u3b64svvgjooy2Js6/78ccfdeWVVzr9POOMM4r82JxzzjnOx9WrVx/0fp988okTuiyY2ePYrVs3Z7Yjb3/uvPNO5/MGDRrs+7lseZn5+++/9fPPP2vnzp06FDVq1FDjxo2d5zKvzz77TD179nRmE+25qFevnm677Tbt2rUr4H4WvCpWrKh169ape/fuzuf2Pe+4446A5y0/Pp9P/fr1U0JCgt55551872MzeNWqVXOe0/2lpaU5y0Pt38plS0RtTOaOsVNPPdWZoTwU+T2HhRlDNjZvueUWHX/88SpXrpyqV6/uPJa5z9nBbNu2zfkdqVu3rlauXHlI/QaA4sCMEwAUI9vXtGjRImfZXLNmzQ56X1tqZiGgTZs2evDBB50Xy/Yi1IJDx44dnftYyLEX3rfffrvz0W77v//7P+cF8pNPPunc5z//+Y9SU1P1119/ObMkxu57wgknON/X7m8vxi2MGPv3jH2vzp0765RTTtH999+v+Ph4jR8/3nlxbCHBXqzmZS90GzVqpEcffdR5gV9UuUHEXjQX5OOPP3b6ZDM+9thYKLEX/jbTYcv9LBBecskl+uWXX/Tmm286P+8RRxzhfK2FEzNy5Ejnsf3000+dUFlUe/fudR5LCxl5TZ061QljN998s/MzfP31107f7L52W14WkDp16qR//OMfTvEH+7mefvppJ/ja1+fHvqZv37566623NH36dCcw58f2jNleIwtWNutj4ybXjBkznCWGV1xxhXP9pZdecmb5bOZvyJAhyszM1Pfff++MMwvBh/scFnYM2QysLa+0flkAssBks1b2/Fggt8CVHwvBtj9w69atmj9/vvP4AYBnfACAYvPRRx/5SpUq5Vxat27t+9e//uX78MMPfbt37w6436+//uqLj4/3XXzxxb7s7OyA23JycvZ9vnPnzgP+jZtuuslXvnx5X2Zm5r62rl27+o466qgD7rt48WJLOL7x48cf8G80atTI16lTpwP+vQYNGvjOO++8fW3333+/8z169epVqMfg008/de7/yiuv+DZv3uxbv369b9asWb6jjz7aFxcX5/TJrF69+oC+nXTSSb7k5GTfli1b9rV99913zmPVu3fvfW1PPvmk87X2PfaX21/rRzD2mHXs2NHpp12WL1/uu+aaa5yvHzBgQMB983suhg0b5vxMf/755762Pn36OF//4IMPBtz35JNP9p1yyin7ruf+/Paz7Nmzx3f55Zf7ypUr54yXYOw+9rXvvfdeQHuXLl18xxxzzL7r3bp18zVt2tRXVLl9Gzp0qPO4bNy40Tdv3jznZ7D2t99+u0hjKL/HbtGiRc73mjhx4r42GwvWZmNkw4YNTt/t5/njjz+K/DMAQHFjqR4AFCN7d9xmnGwfyHfffacnnnjCmXmwfTTvvvtuwMxATk6OMxtk79LnZcvOctmyplzp6enOO/A2c2QzH7Yc7VBZZbRff/3VmXXYsmWL833tYnuXzj33XC1YsMDpX179+/cv0r9hsyc2C2TLDG32xL637W+ypWL5scIM1i9b6mZL0XI1b97ceVw/+OCDQv27NlNlM2KFnW2ypZHWT7uceOKJeu2115xlcLkzevk9F/az2ONls3f2by1btuyA77v/42XPW35VBXfv3u3M5r3//vvOz5g723gwNqNjM202O5V3SducOXN0+eWX72uzpY42I2YzPofCZpHscbEiJ/Z42ozT448/7sz6FWUM5X3sbKmh3b9hw4ZO/2wmcX/WZ1vyZ/e172MzuQDgNZbqAUAxs31FtozKXhBbeLJlV7akzJZL2YvNJk2aOC9ALTDZ5wfzww8/6N5773WWRNnyvLxsed6hshe8xqrHFcS+f97larafqCgsFFpYsFLW9iLflg6WLl3wnx3bB2NsH8z+7Gs//PDDQhWlKCpbTvfwww87S+VsiaV9biEk7xI4s2bNGudnsgBstx/subB9RrlLB3PZY7n/15lhw4Zpx44dTrW6woY9exx79Ojh7FWypXm258rGnAWNvMHprrvucpYJ2pI5CyoWyizo2NLHwrAlnhbqbKxayLG9UvZvFXUM2ZJL+zltGZ/t/cq71DO/cXzNNdc4P6PtbbPQBgDhgOAEACXEXnhbiLKLVZSzWQzbC2Pv4heGnVFk77onJSU5e5Vsf4e9ILd36O0F8f4zQkWR+7U2q1JQWWnbJ5VX3lmDwrDZmw4dOijcWajL7afNDlphiAsuuMApH297y4yFqty9NvbY230swFkIsBmy/Z8LC4uFZf/mf//7X2d20oKTPceFYfuFbI+TBS4rQjFlyhSnXy1atAgInFZQwWaz7N94++23NWrUKCcA2j6wYGxPW0HPYVHGkJXht9Bk5fJbt27tFJKwmVX7GfIbxzajZWdp2XNggQsAwgHBCQBCIHd5mi1HMxaC7AWjbYwv6EWnVcWzJU02k2DV9nLlV5Uu7/K+wrTnbrK3UBYu4SZ3OVZ+ldNsWaIFnNzZpoJ+ruJgywotsFoRjJtuusn5N+3sKStIYUsN7SDfXLY07nC1atXKWdZnYc1md2yG8mAzc7lsTNSqVctZrmdVDm1W0gqF7M/6b7NQdrFZUAslVjbfSsIXNqQd7hiaNm2aMzNlBTJyWaGKgg4wtqBlM2QW8Cxk/fvf/z7kfgJAcWGPEwAUI6vkll/Fudz9ObnL0GyGwJY/2UzS/u+453597qxF3u9nL3xtxiC/F8f5LXnKDRr7v0C1Kmj2wtcqvtkysf1t3rxZoWYhwEKkhZO8/bXlc7YPyQ5iDfZzFUc5cmOzShZarSpdQc+FfW4zIsXBgsfkyZOdWSFbplaY2UQbP7b887333nP2ZVk1wLzL9Iz9DPvPgtryUOu7Les7HEUZQ/b47f97YRUJD1ae/b777nPKqlvAswp8AOA1ZpwAoBjZO+X2gt3KRduyKQs6VobZZgWslHbu2Tv2brrNDtiZTLYPyGYBbO+IbeK3Ygq2PMkKD9j+EHun3kpK2yyLvUDOL5jZi1j7N2xpmS0NtCVSF154ofPC1vamvPjii6pUqZITOGxPj+1XGjdunFNK2vatWL+sgIUtPbPwZ7MI9oI81GzZl/XJlnNdf/31+8qR26yDFX3I+/MaewxtuZeV6Laf136+wy1HbqwPVk7+mWee0YABA5zn0h5LeyFvj5E9PrbsLb89S4fKwrQtZ7MZLfv+hTlg1oKSPT62/NOWRtrSvLxsT5PtEbI9TUceeaSzZ8geH5tVs/FwOCy4FXYM2WyajV17Hi24WQEV23t1sNL0uePB3hCw58D6m/cwXgAIuWKv0wcAMWz27Nm+vn37+ho3buyrWLGiLyEhwdewYUPfoEGDfJs2bTrg/lay20o8ly1b1le1alVf+/btfXPmzNl3+xdffOFr1aqVU6a6du3a+8qb719ue8eOHb4rr7zSV6VKFee2vKXJZ86c6WvSpImvdOnSB5T/XrZsme+SSy7xVa9e3emDfd1ll13mmzt37gHlva0sdVHKkU+dOvWg98uvHLn5+OOPfW3btnV+5qSkJN+FF17o+/HHHw/4+oceeshXp04dp1R53tLkRS1HbqXc8zNhwoSA/lkfOnTo4DyvRxxxhO/GG290SqXv/zNYOfIKFSoc8P1y+5VfOfK8Ro0a5bTfcccdQftvZcDr1avn3P/hhx8+4PYxY8b42rVrt+/5PfbYY3133nmnLzU19aDft6C+5acwY2jbtm2+6667znnc7PGzEuY///yzc197vPIrR57LyvVbKXwbvzNmzAjaHwAoKXH2n9DHNQAAAACIHOxxAgAAAIAgCE4AAAAAEATBCQAAAACCIDgBAAAAQBAEJwAAAAAIguAEAAAAAEHE3AG4dhr7+vXrnYP07DBJAAAAALHJ5/MpPT3dOXzeDvY+mJgLThaa6tWr53U3AAAAAISJtWvXqm7duge9T8wFJ5tpyn1wkpKSvO4ODmPmcPPmzapRo0bQdweAw8V4Q6gx5hBKjDfE8phLS0tzJlVyM8LBxFxwyl2eZ6GJ4BTZv3CZmZnOc+j1LxyiH+MNocaYQygx3hBqOWE45gqzhSc8egoAAAAAYYzgBAAAAABBEJwAAAAAIAiCEwAAAAAEQXACAAAAgCAITgAAAAAQBMEJAAAAAIIgOAEAAABAEAQnAAAAAAiC4AQAAAAAQRCcAAAAACAIghMAAAAABEFwAgAAAIAgSge7AwAAQLjLyfHpjy0ZSs/cq0qJpXV09QqKj4/zuluIYoy52BM2wemxxx7T3XffrSFDhui5554r8H5Tp07Vfffdpz/++EONGjXS448/ri5duoS0rwAAIHysWJeqt5f+pVUpO5S1J0dly8SrYXJF9WhZV83qVPa6e4hCjLnYFBZL9RYvXqwxY8aoefPmB73fwoUL1atXL11//fVatmyZunfv7lxWrFgRsr4CAIDwegE7Yu6vWv5XqqqUS9DRR1RwPtp1a7fbgeLEmItdngenHTt26KqrrtJLL72kqlWrHvS+w4cP1/nnn68777xTJ5xwgh566CG1bNlSI0eODFl/AQBA+CyVsnf9t2bsdt7tr5hYWqXi45yPdt3a31m6zrkfUBwYc7HN86V6AwYMUNeuXdWhQwc9/PDDB73vokWLdPvttwe0derUSTNmzCjwa7KyspxLrrS0NOdjTk6Oc0FksufO5/PxHCIkGG8INcZc4az+e4d+S0lX7cqJinO2lvhfrNp1a1+VkqbVf6erwREVvexqWGO8FR5jLvrGXFH64Glwmjx5spYuXeos1SuMjRs36sgjjwxos+vWXpBhw4Zp6NChB7Rv3rxZmZmZh9BrhAMb5Kmpqc4vXXy85xOniHKMN4QaY65wUjbvUPX4TCWXtSU0uw+4PamsVCorUymbUlQhZ6cnfYwEjLfCY8xF35hLT08P/+C0du1apxDEnDlzlJiYWGL/jhWcyDtLZTNO9erVU40aNZSUlFRi/y5K/hcuLi7OeR69/oVD9GO8IdQYc4WTEV9eW3L+VnZWgiokHviSJiNrr7bnSMlHJiuZd/8LxHgrPMZc9I25ouQQz4LTN998o5SUFGePUq7s7GwtWLDA2bNky+tKlSoV8DU1a9bUpk2bAtrsurUXpGzZss5lf/Ykef1E4fDYLxzPI0KF8YZQY8wF1+CISjo2uZKzKb9h2YrOY5bL3slen5qp5nWrOPejTPTBMd4KhzEXfWOuKP++Zz0999xztXz5cn377bf7LqeeeqpTKMI+3z80mdatW2vu3LkBbTZjZe0AACC22AtTK/9crUKCUxZ6R+ZeZef4nI923dovaVmHF7AoNoy52ObZjFOlSpXUrFmzgLYKFSqoevXq+9p79+6tOnXqOPuUjC3ta9++vZ5++mmnoITtkVqyZInGjh3ryc8AAAC8ZWfmDD630b4zdTaluWfq2Lv+9gKWM3VQ3BhzscvzqnoHs2bNmoDpszZt2mjSpEm69957dc899zgH4FpFvf0DGAAAiB32QrVJrST9sSVD6Zl7VSmxtI6uXoF3/VFiGHOxKayC07x58w563fTs2dO5AAAA5LIXrMfUYDM+QocxF3vYAQgAAAAAQRCcAAAAACAIghMAAAAABEFwAgAAAIAgCE4AAAAAEATBCQAAAACCIDgBAAAAQBAEJwAAAAAIguAEAAAAAEEQnAAAAAAgCIITAAAAAARBcAIAAACAIAhOAAAAABAEwQkAAAAAgiA4AQAAAEAQBCcAAAAACILgBAAAAABBEJwAAAAAIAiCEwAAAAAEQXACAAAAgCAITgAAAAAQBMEJAAAAAIIgOAEAAABAEAQnAAAAAAiC4AQAAAAAQRCcAAAAAIROTo4iUWmvOwAAAAAgBmzZIo0dqzj7eMcdijQEJwAAAAAlZ+dO6fXXpddek3btcppKd+wodeigSEJwAgAAAFD8srOlmTOlMWPc2aZc5curVEqKIg3BCQAAAEDxWrRIevpp6Y8//G2lSkk9esjXt6+y9u5VpCE4AQAAAChe69YFhqZzzpEGDpTq13eLQzDjBAAAACDm+HxSXJz/evfu0qRJUpUq0q23Ss2bK9IRnAAAAAAcmm3bpJdflnbvlu65x99eurT00ktStWqBgSqCEZwAAAAAFE1mpvTmm9KECVJGhhuOevaUGjXy36d6dUUTghMAAACAwsnJkd5/X3rxxcB9SmXLSr/9FhicogzBCQAAAEDwPUyLFknDh7sBKVd8vLufqV8/6YgjFM0ITgAAAAAK9ssv0rPPSosXB7a3a+dWyjvmGMUCghMAAACAgq1aFRiamjaVhgyRWrZULCE4AQAAACjY+edLr78u7dzpzjCde27UVMorCoITAAAAALek+FtvSX/+Kd17b+A+pqefdvcwlSmjWEVwAgAAAGK9Ut5//yuNGiVt3Oi2desmnXii/z61ainWEZwAAACAWPX119Jzz7kFIHLZMrxvvw0MTiA4AQAAADHHgtLzz7slxvNq00YaPFhq2NCrnoUtghMAAAAQKzZtkkaPlmbNcs9mytW4sRuYTj/dy96FNYITAAAAECt+/FF6//3AvUsDBkgdO7pFIFAgghMAAAAQK846S2rRQlq9Wrr+eqlnTykhweteRQSCEwAAABBtbBnenDnSkiXSPfcEFn544AGpcmUpKcnLHkYcghMAAAAQTZYudSvl2bI806FD4N6levU861okIzgBAAAA0eD3391KeZ99Ftg+bx5FH4oBwQkAAACIZJs3S2PGSO++6x5mm8tKilulvNatvexd1CA4AQAAAJEoI0OaOFF6/XUpK8vfnpws3Xyz1LUrlfKKEcEJAAAAiEQ//CC9/LL/eoUK0nXXSVdcISUmetmzqORpBB09erSaN2+upKQk59K6dWvNnj27wPtPmDBBcXFxAZdEBgUAAABike1bsmV4pUtLvXpJM2dK115LaIrGGae6devqscceU6NGjeTz+fTqq6+qW7duWrZsmZo2bZrv11jAWrly5b7rFp4AAACAqPbdd9KHH0p33umWFM9l1205Xt26XvYuJnganC688MKA64888ogzC/Xll18WGJwsKNWsWTNEPQQAAAA89Oef0siR0qef+meZ7BDbXPXre9a1WBM2e5yys7M1depUZWRkOEv2CrJjxw4dddRRysnJUcuWLfXoo48WGLJMVlaWc8mVlpbmfLSvtwsikz13NkvJc4hQYLwh1BhzCCXGW5jaulV66SXFTZ8eWCnv3Xfla9dOkSwnjMZcUfrgeXBavny5E5QyMzNVsWJFTZ8+XU2aNMn3vscff7xeeeUVZ19UamqqnnrqKbVp00Y//PCDs+wvP8OGDdPQoUMPaN+8ebPzbyIy2SC3MWC/dPFUi0EJY7wh1BhzCCXGW5jZuVPl3nlH5aZNU9yuXfuac6pW1c7evZXVqZOUkqJIlhNGYy49Pb3Q943zWY89tHv3bq1Zs8Z58KZNm6Zx48Zp/vz5BYanvPbs2aMTTjhBvXr10kMPPVToGad69epp27Ztzn4pRO4vnIXfGjVqeP4Lh+jHeEOoMeYQSoy3MJGd7RR3iBs71p1tylW+vHxXXy1ddZVUrpyiQU4YjTnLBlWrVnWySLBs4PmMU0JCghra4VySTjnlFC1evFjDhw/XGDvEK4gyZcro5JNP1qpVqwq8T9myZZ3L/uxJ8vqJwuGx/W48jwgVxhtCjTGHUGK8hYGff5Yee8x/3Z6LHj2kG29UXLVqijZxYTLmivLvx4djAs07QxRsX5Qt9atVq1aJ9wsAAAAoMbba6pxz3M/t49Sp0l13SVEYmiKVpzNOd999tzp37qz69es76wsnTZqkefPm6UMrtSipd+/eqlOnjrNPyTz44INq1aqVM0O1fft2Pfnkk/rzzz91ww03ePljAAAAAIX311/SO+9IAwe6M0u5Bg+WbFle8+Ze9g7hGJxSUlKccLRhwwZVrlzZKfpgoem8885zbre9T3mnz2xf0o033qiNGzc6axFtad/ChQsLtR8KAAAA8NT27dK4cdK0adLevZJtV+nSxX+7FTvjPKaw5XlxCC82gFlIK8wGMIQvW9JpwTs5OdnztbGIfow3hBpjDqHEeAsB24by5pvS+PFSRoa/3d78f/XVwANtY0BOGI25omQDz4tDAAAAAFHJzgiaNUsaPTqwhHhiorskr3fvmAtNkYzgBAAAABQnW9C1aJE0YoSUt/qzza506yb16yfVqOFlD3EICE4AAABAcRd/GDLEDVC52rVzi0Ecc4yXPcNhIDgBAAAAxalePemCC6T33nP3Md16q9Sypde9wmEiOAEAAACHKi3NrZJn+5VK53lp3b+/1KaN1KED+5iiBMEJAAAAKKrdu6UpU6RXXnHDU+XKUo8e/tuPPFL63xE7iA7UnAQAAACKUilv9mw3JD33nBuazIQJ7m2IWsw4AQAAAIXx9dfS8OHSypX+NluGZ/uZbGke52BFNYITAAAAcDC//io9/7y0cGFgu+1hskp5xx3nVc8QQgQnAAAAoCDbt0t9+rh7mnIdf7xbbvz0073sGUKM4AQAAAAUpEoVqXt3txBEzZrSLbdI55/PsrwYRHACAAAAzJ497tlLtmcpIcHffuONUu3a0mWXBbYjphCcAAAAENt8Punjj6WRI6V166QdO9xzmXJVrSpdfbWXPUQYIDgBAAAgdi1d6lbK++EHf5uVFrfZpcREL3uGMENwAgAAQOz5/Xd3hmnBgsD2006TBg8mNOEABCcAAADEjr//lsaMkWbODDyw9thj3Up5rVu7ZzMB+yE4AQAAIDZkZUlXXOGWGM+VnOweXmsFIaiUh4NgdAAAACA2lC0rXXyx+3n58tKAAdI770gXXURoQlDMOAEAACA6K+XZ/iXbs2QhKZcdZpudLV1zjVstDygkojUAAACiy/ffSzfcIP3zn9JrrwXeVrGiW/yB0IQiYsYJAAAA0WHNGrdS3ief+NssOPXsKVWr5mXPEAUITgAAAIhsW7dK48ZJb7/tLsPLdfTRzC6h2BCcAAAAEJl27ZImTZJefVXaudPfXr26dNNNUrduUqlSXvYQUYTgBAAAgMhjZzBZgYc//vC3lSsn9e4tXXVVYEEIoBhQHAIAAACRx8qHd+ni//zSS91DbW+8kdCEEsGMEwAAAMLfjz9KdepIlSv72668Ulq3zp1lOuooL3uHGMCMEwAAAMKXBaN77nHD0SuvBN6WmCjddx+hCSFBcAIAAED4SU2VnnlG6tFD+ugjt23KFGn9eq97hhjFUj0AAACEj6wsafJkafx4accOf3uVKlK/flJyspe9QwwjOAEAACA8quR98IE0apSUkuJvL1vWrZLXp49UoYKXPUSMIzgBAADAewMHSl9/7b9ulfIuvNA9j4lZJoQBghMAAAC8166dPzidcYY0aJB07LFe9wrYh+AEAACA0NqwwV2CV62av82KQCxbJvXsKZ16qpe9A/JFVT0AAACERlqaNGKEG5JGjw68rUwZ6fHHCU0IWwQnAAAAlKzdu6U33pC6d5cmTnSvz5wp/f671z0DCo2legAAACi5Snl2BpNVyst7/lJCgnTFFVKNGl72DigSghMAAACK3+LF0vDh0s8/+9vi4qSuXaX+/aWaNb3sHVBkBCcAAAAUr4cecpfi5dW6tVsp77jjvOoVcFgITgAAACheLVr4g5MFpSFDpH/8w+teAYeF4AQAAIBDl5EhZWUFlha/4AJp7lypUyfp/PPdw2yBCMcoBgAAQNHt2SNNmSJ16yY9/XTgbRaUbH9Tly6EJkQNRjIAAAAKz+dzZ5Muu0x64glp+3bpww+lH3/0umdAiWKpHgAAAApn2TJ3JmnFisB2W45XtapXvQJCguAEAACAg/vjD+n556X58wPbTznFLfzQpIlXPQNChuAEAACAgr38sjRmjHuYba5jjnEDU5s27tlMQAwgOAEAAKBgRx3lD001akg33+xWzaPoA2IMwQkAAACu7GwpPV2qUsXfdu657hlMtiyvVy+pXDkvewh4huAEAAAQ66xSnu1fGjnSnWF65hn/bbYUz9pZkocYR3ACAACIZcuXK+mJJxS3cqV7/c8/paVLpZYt/fchNAEEJwAAgJi0Zo30wguKmztXZeww2zJl3PYWLaQKFbzuHRB2CE4AAACxZOtWadw46e233T1NuerXdyvltWvHDBOQD4ITAKBE5OT49MeWDKVn7lWlxNI6unoFxcfzYgzw1LvvSk89Je3c6Vz1SdpVMUlrL7pEpa+4Ug1qVlU8oQkl/Ldh9d87lLJ5hzLiy6vBEZUi5m+Dp8Fp9OjRzuUPO1RNUtOmTfV///d/6ty5c4FfM3XqVN13333O1zRq1EiPP/64unTpEsJeAwCCWbEuVW8v/UurUnYoa0+OypaJV8PkiurRsq6a1ansdfeA2HXEEftCU0apBH1yakfNbHqWKpWTtsz+RccmV+L3FCX+t+G3lHRVj8/Ulpy/I2rMeRqc6tatq8cee8wJQD6fT6+++qq6deumZcuWOSFqfwsXLlSvXr00bNgwXXDBBZo0aZK6d++upUuXqlmzZp78DACAA/8wjpj7q7Zm7FatyuVUrnIp7dqdreV/pWrdtl0afG6jiPgDCURFpTwLSXn3K7VuLbVqpU0Vq+nxeu20Jr68aldOVHLZ3crOSuD3FCH521DbGXOKuDEX57PEEkaqVaumJ598Utdff/0Bt11++eXKyMjQ+++/v6+tVatWOumkk/Tiiy8W6vunpaWpcuXKSk1NVVJSUrH2HaGTk5OjlJQUJScnK54D+FDCGG9FW4Lx0KwfnT+ENsMUl2fJj/25sRmo5nWr6N6uJ0TM0gwvMOZw2H78URoxwj24dsyYgD1LOXuz9dDsn/P8nkpVtFPbVd7JWvyeouT/NihsxlxRskHY7HHKzs52luFZMGpt74bkY9GiRbr99tsD2jp16qQZM2YU+H2zsrKcS94HJ/ePkl0Qmey5sxdhPIcIBcZb4dm6dVuCYe8muq/T/O/N2XVrX5WSptV/p6vBERW97GpYY8zhkK1fr7hRo6SPPtrX5PvsM+mMM/ZdX701I5/fU/dib3bwe4rQ/G3whcWYK8r/Zz0PTsuXL3eCUmZmpipWrKjp06erSZMm+d5348aNOvLIIwPa7Lq1F8SW9Q0dOvSA9s2bNzv/JiKTDXJ7Z8BeWPBuLEoa463wbLOvrVu3JRjx2n3A7UllpVJZmUrZlKIKOe4+CxyIMYeiiktLU7lJk5T43nuK27t3X3t2rVrKSE/XnpSUg/6eVnQ+uu/083uK4pYSxmMuPT09coLT8ccfr2+//db5AzFt2jT16dNH8+fPLzA8FdXdd98dMEtlM0716tVTjRo1WKoX4S8q7B0Kex55UYGSxngrPKuQZJt9bd16hcQD/8RkZO3V9hwp+chkJfNOdoEYcyg0W1Xz1luKmzBB2rHDndq185iqVJHvhhtU6uKLlZB7PlOBv6fuO//bVc55IcvvKYpbRhiPucTExMgJTgkJCWrYsKHz+SmnnKLFixdr+PDhGmPrcfdTs2ZNbdq0KaDNrlt7QcqWLetc9md/iPhjFNnsRQXPI0KF8VY4VlbWKiQ569jLHrjHaX1qprOOPZLKz3qFMYegFi6UHnnEXgz52+w1z1VXSX36KK6AQ2zz/z11L7bfhN9TFLcGYTzmivL/2PhwfJct756kvGxJ39y5cwPa5syZU+CeKABAaNkfPCsrW61CgrPZd0fmXmXn+JyPdt3aL2lZhxdjQHEoV84fmuzF30UXSdOnS7fcElhJL8jvaUbmXuX45Hzk9xQlIT5KxpynM062jM7ObKpfv76zvtDKi8+bN08ffvihc3vv3r1Vp04dZ5+SGTJkiNq3b6+nn35aXbt21eTJk7VkyRKNHTvWyx8DAJCHlZO1srK55zhtSnPPcbJ3E+0PY7iXmwXC1p497jK8XCefLLVvL9mepkGDpP+t4Cnq76lt2rf9JbZUit9TlJRmUTDmPA1OVmrVwtGGDRucMoDNmzd3QtN5553n3L5mzZqA6bM2bdo44eree+/VPffc45z/ZBX1OMMJAMKL/QFsUitJf2zJUHrmXlVKLK2jq1cI+3cTgbBkRbBGj5b+/FN65RV3dimXvbmckHBYv6dWycw25dv+EpbnoSQ1i/AxF3bnOJU0znGKDpxxglBivCHUGHNwWLWv8eOlyZOl3f+rUvnoo1LHjsX6zzDeEGo5YTTmIvIcJwAAAMgNSdOmSePG2as6f7u9qMsNUABCjuAEAAAQDuwgzjlzpBdecA6y3ceW4l1xhXTttW54AuAJghMAAIDXfvrJ3a/044/+NivZ3LmzdPPNUq1aXvYOAMEJAAAgDFhIyhuaTj/dyglLxx/vZa8A5EFwAgAA8GJZXt5N8Y0bu7NLq1ZJgwdLrVq5YQpA2CA4AQAAhEpGhvTqq9KXX7oV80qV8t/273+7h9pS2Q4ISwQnAACAUBxeO326NHastH272/bee1L37v77VKjgWfcABEdwAgAAKCl2XOYnn0gjR0pr1/rbS5eWtm71smcAiojgBAAAUBK+/VYaPlxavjyw3Q6wHTBAqlPHq54BOAQEJwAAgOK0bp307LPSvHmB7S1bSrfeKjVp4lXPABwGghMAAEBx72dasMB//ZhjpEGDpDPOoFIeEMEITgAAAIe7jylvIDr6aOnii6X586X+/aULLwysngcgIlHvEgAA4FBkZ0vvvCNdf720e3fgbbaHyaroWdU8QhMQFZhxAgAAKOoMky3Fe/556Y8/3LZp06Qrr/TfJynJs+4BKBkEJwAAgMJascKtlLdsWWD76tVe9QhAiBCcAAAAgrEzmF54Qfr448D25s3dSnn2EUBUIzgBAAAUJDVVeukldyne3r3+9vr1pcGDpfbtqZQHxAiCEwAAQEEyMqS33/aHpmrVpH793KIPpXkZBcQSquoBAAAUpHZt6fLLpcRE6cYbpRkzpEsvJTQBMYjgBAAAYJXyFi6UBg6Udu0KvM3KjVtguukmqXx5r3oIwGO8XQIAAGLbTz9JI0ZIixe71ydNcsNSrkqV3AuAmMaMEwAAiE3r10v33itdc40/NJlvvnFnoAAgD2acAABAbElLk15+WZoyRdqzx99ep467VK9DByrlATgAwQkAAMSG3bult96SXnlFSk/3t1eu7BZ+6NFDKlPGyx4CCGMEJwAAEBssLI0d6y/+kJAgXXWV1KePVLGi170DEObY4wQAAGJD9erufiZbhnfRRW6lvAEDCE0ACoUZJwAAEH1++cVdkvef/wRWxLv6aunss6VGjbzsHYAIRHACAADRY9MmafRoadYstzKeFXwYNMh/u53DRGgCcAhYqgcAAKJj/9Lzz0sXXyy9/76/nPi8edLevV73DkAUYMYJAABEdqW8adOkcePcMuO5kpKkvn2lyy6TSvNyB8Dh4/8kAAAg8tiM0pw50siR7kG2uayc+BVXSNdd54YnACgmBCcAABB5duyQHnsscJapSxfp5pulWrW87BmAKMUeJwAAEHmsUt7117ufn3669Prr0oMPEpoAlBhmnAAAQHjbvFl6+WWpXz+pWjV/e8+eUsOGbnCys5kAoAQRnAAAQHjauVN69VV3Nikryw1Hd93lvz0hQfrHP7zsIYAYwlI9AAAQXqx8+NSpUrdu7kyThSbz0UdumAIADzDjBAAAwqdS3qefupXy1qzxt1s5cVuWZ3ua7ABbAPAAwQkAAHjv+++l555zP+bVsaN0yy1S3bpe9QwAHAQnAADg/SG2//qX9Pff/raWLaUhQ6SmTb3sGQDswx4nAADgLSvyYBXzTIMG0rPPSmPGEJoAhBVmnAAAQOjs2iW98YZ0wQVSzZr+disEUa6cuzSvVCkvewgA+SI4AQCAkpedLb37rvTii9KWLdLatdLQof7bLSx17uxlDwHgoFiqBwAASrZS3oIF0hVXSI884oYm8+GH7sG2ABAhmHECAAAl44cfpOHDpaVLA9vPPlsaOFCqUcOrngFAkRGcAABA8frrL2nUKPfA2ryaN3cr5bVo4VXPAOCQEZwAAEDxycmRBg8OPMC2fn13hslmmuLivOwdABwy9jgBAIDiEx/vLy1etap0113SlCnSOecQmgBENGacAADAoc8uzZrlLr2zWaVcVlI8NdUtOV6hgpc9BIBiQ3ACAABFr5S3aJE0YoS0apW7BO/JJwNnnS6/3MseAkCxIzgBAIDC+/lnNzB9/bW/7dNPpd9/l445xsueAUCJIjgBAIDg1q+XRo+WZs8ObG/SxK2UR2gCEOUITgAAoGBpadL48dLkydKePf722rXdSnkdOrhL8wAgynn6f7phw4bptNNOU6VKlZScnKzu3btr5cqVB/2aCRMmKC4uLuCSmJgYsj4DABBTbrtNeu01f2hKSpL++U9p2jS3CAShCUCM8PT/dvPnz9eAAQP05Zdfas6cOdqzZ486duyojIyMg35dUlKSNmzYsO/y559/hqzPAADElD593I8JCdK110ozZ0q9ernXASCGeLpU77///e8Bs0k28/TNN9+oXbt2BX6dzTLVrFkzBD0EACCGLF4sVa8euF/pzDOlAQOkLl2kI4/0sncA4Kmw2uOUamc+SKpWrdpB77djxw4dddRRysnJUcuWLfXoo4+qadOm+d43KyvLueRKs7XaztETOc4FkcmeO5/Px3OIkGC8IerH3KpVinv+ebfE+OmnyzdyZP6zTvwORCX+H4dQC6cxV5Q+hE1wsk7feuutatu2rZo1a1bg/Y4//ni98sorat68uRO0nnrqKbVp00Y//PCD6tatm+8+qqFDhx7QvnnzZmVmZhb7z4HQjRd7/u2XLp719ShhjDdE65iL//tvlZs4UYkffeSezWS++EKpH3+svc2bl9i/i/DC/+MQy2MuPT290PeN81mPw8DNN9+s2bNn6/PPP883ABXE9kWdcMIJ6tWrlx566KFCzTjVq1dP27Ztc/ZKIXJ/4Sz81qhRw/NfOEQ/xhuibszt2CFNnKi4SZOk3bv97UceKd/NN0vnn0/RhxjC/+MQy2MuLS1NVatWdYJcsGwQFjNOAwcO1Pvvv68FCxYUKTSZMmXK6OSTT9YqO7k8H2XLlnUu+7MnyesnCofH9rrxPCJUGG+IijFnlfHeflt66SVbH+9vr1RJ6ttXuvxyxVH0ISbx/zjE6piLL8K/72lwssmuQYMGafr06Zo3b54aNGhQ5O+RnZ2t5cuXq4ttWgUAAAW7915p7lz/9TJlnLDkhCZWYQBA+AYnK0U+adIkzZw50znLaePGjU575cqVVa5cOefz3r17q06dOs5eJfPggw+qVatWatiwobZv364nn3zSKUd+ww03ePmjAAAQ/nr29Aenzp1tnbx7kC0AILyD0+jRo52PZ511VkD7+PHjda2dFSFpzZo1AVNotjfpxhtvdEKWrUc85ZRTtHDhQjVp0iTEvQcAIIytXi3t3Ss1auRvO/VUyd5obN9eOuEEL3sHABEnbIpDhHIDmM1oFWYDGMJ7U2FKSopz7pfXa2MR/RhviKgx9/ff0tix0owZklWpffll20xQUl1FFOD/cYjlMZdWhGwQFsUhAADAYdq5U3rtNfeSe9zG999L8+fb0g6vewcAEe+QIt6bb75Z4G133nnn4fQHAAAUhS3HmzZN6t7drZaXG5rKl5duuUVq1crrHgJA7Aan3DOX9nfbbbfp9ddfL45+AQCAg7GV9vPmuVXxHntM2rrVbS9Vym2bOdOtlpeY6HVPASAqHNJSvTfeeMM5cNbOXjrjjDOcNisr/s477+jTTz8t7j4CAID9PfOMLQEJbOvQwUrWSvXqedUrAIhahzTj1LVrV40aNUoXXXSRvvnmG91yyy37QlPjxo2Lv5cAACDQ+ef7Pz/5ZGnCBHfmidAEACXikItDXHnllc45Sm3btlWNGjU0f/5852wlAABQzGwZnl3y/p1t2lTq00dq0UI680wq5wFAuASn22+/Pd92C00tW7Z0ZqByPWPLBwAAwOHZtUuaPFl69VWpTh1bKy/lLd07aJCXvQOAmFLo4LRs2bJ8222Wyeqf594exzteAAAcnuxslZ09W3EWmrZscdt+/VX64APpggu87h0AxKRCByeKPgAAEIJKeV98objhw1Xxl1+kMmXcdptluuQSqXVrr3sIADGLA3ABAAgHP/4oDR8uffNNYLsdXjtwoHT00V71DABwOMFpyZIlmjJlitasWaPdu3cH3GYV9gAAQCHZGYjPPRfQtLdxY5W66y7FtWzpWbcAAIdZjnzy5Mlq06aNfvrpJ02fPl179uzRDz/8oE8++USVK1c+lG8JAEDssiV4uUUf6tWT77HHlGpB6qSTvO4ZAOBwZpweffRRPfvssxowYIAqVaqk4cOHq0GDBrrppptUq1atQ/mWAADEhqwsacOGwKV3xx4rXX21VLOmu5fJQlRKipe9BAAUx4zTb7/95hyCaxISEpSRkeFU07vttts0duzYQ/mWAABEt5wcadYsNxjddpu0d2/g7YMHS5ddJpVm+zEARE1wqlq1qtLT053P69SpoxUrVjif24G4O3fuLN4eAgAQ6b780p1Ruv9+adMmae1a2xDsda8AAEVwSG9rtWvXTnPmzNGJJ56onj17asiQIc7+Jms799xzD+VbAgAQfaykuFXK++qrwPYzzpBOPdWrXgEAQhWcRo4cqczMTOfz//znPypTpowWLlyoHj166N577z2UbwkAQPTYuFEaNUqaPds9mynXCSdIQ4YQmgAgVoJTtWrV9n0eHx+vf//738XZJwAAIteHH0pDh0p5j+qoXds9i6lDB3/1PABARDnk/3tbgQibXerVq5dS/lf5Z/bs2U5ZcgAAYlbTpm4hCJOUJN1+uzRtmtSxI6EJACLYIf0ffP78+c7+pq+++so57HbHjh1O+3fffaf7beMrAACxwALS+vWBbXXrSlddJfXuLc2YIV15pZWg9aqHAAAvg5MtzXv44YedYhBWjjzXOeecoy+tchAAANFu8WI3HN1wg3s2U16DBrnlxW3GCQAQu3ucli9frkmTJh3QnpycrL///rs4+gUAQHhatUoaMUJauNDfNnmy1KePl70CAJSwQwpOVapU0YYNG9SgQYOA9mXLljnnOgEAEHVsP++LL0rvv+/fw2SOO86tlgcAiGqHFJyuuOIK3XXXXZo6dari4uKUk5OjL774QnfccYd627IFAACihe3jnThReuONwCV5Rx4p3XKL1LkzRR8AIAYcUnB69NFHNXDgQNWvX1979+5VkyZNlJ2drSuvvJJznAAA0ePrr6V77pG2b/e3Vawo9e0rXX65VLasl70DAIRrcLKZpSeffFLvvvuudu/erWuuucY59Naq6p188slq1KhRyfUUAIBQO/poadcu9/PSpaXLLpOuv16qXNnrngEAwjk4PfLII3rggQfUoUMHlStXzikQ4fP59Morr5RcDwEACJVt26SqVf3Xk5Olq6+W/vpLGjDAPcgWABCTihScJk6cqFGjRummm25yrn/88cfq2rWrxo0bp3jWdwMAItXq1dLzz1vZWPfspQoV/Lf17y/FxXnZOwBAGChS2lmzZo26dOmy77rNPFlxiPX7H/4HAEAksCM0Hn3U3a+0YIE74/Tqq4H3ITQBAIo642SFIBITEwPaypQpoz179hR3vwAAKDk7d0qvvy699pp/D5OpUcPd1wQAwOEEJ9vPdO2116psnipCmZmZ6t+/vyrkWdbwzjvvFOXbAgAQGnv3SjNnSmPGSFu3+tvLl5euvVbq1UsqV87LHgIAoiE49cnnVPSrbdMsAADh7pdfpLvvlv78099WqpTUo4d0ww1StWpe9g4AEE3Bafz48SXXEwAASpIdWLtli//6uee6lfLq1/eyVwCAaD4AFwCAiNjHZEvwctnZS9dd5xaBuPVW6cQTvewdACDCUEMcABBdrDLeE09IF10kbd8eeJstLx83jtAEACgyghMAIDpkZkp2IHu3btKUKW5oevnlwPvYnibKiwMADgFL9QAAkS0nR3r/fWn0aGnzZn+7VcerWtXLngEAogjBCQAQmXw+aeFCacQI6bff/O3x8VL37tJNN0nVq3vZQwBAFCE4AQAiz4YN0tCh0pIlge3t20sDB0oNGnjVMwBAlCI4AQAiT1KStGqV/3qzZtKQIdLJJ3vZKwBAFCM4AQDC3969Uuk8f7IqVJD69ZMmTZIGDZLOOYeiDwCAEkVVPQBA+MrKkiZOlC68UEpJCbztkkukqVPdg2wJTQCAEkZwAgCEZ6W8WbPccGTFH6xa3pgxgfexGagyZbzqIQAgxrBUDwAQXr76Sho+XPrlF3+bzShZtTyrpMfsEgDAAwQnAEB4sKBks0tffhnY3ratu4+pYUOvegYAAMEJAOCx1FTpmWekDz5wZ5RyNW7sVso77TQvewcAgIPgBADwVmKitHixPzTVri0NGCCdd567PA8AgDDAXyQAQOgLP+RVtqx0yy3u2Uy33SZNmyZ16kRoAgCEFf4qAQBCF5g+/FC69FJp7drA27p0kWbMkK66SkpI8KqHAAAUiOAEACh5S5ZIffpI//mPtGaNNGpU4O02u2QzTgAAhCn2OAEASs5vv0nPPy99/nlge1qatGcP5zABACIGwQkAUPxSUtwDa997L3BPU6NGbqW8Vq287B0AAJG1VG/YsGE67bTTVKlSJSUnJ6t79+5auXJl0K+bOnWqGjdurMTERJ144on6wErYAgC8l5XlLsO7+GJp5kx/aEpOlh54QHrjDUITACAieRqc5s+frwEDBujLL7/UnDlztGfPHnXs2FEZGRkFfs3ChQvVq1cvXX/99Vq2bJkTtuyyYsWKkPYdAJCPUqWkjz92A5SpUEEaOFCaPl264AIq5QEAIlacz5f3tEFvbd682Zl5skDVrl27fO9z+eWXO8Hq/fff39fWqlUrnXTSSXrxxReD/htpaWmqXLmyUlNTlcRG5IiVk5OjlJQUZ7zE80IMJYzxVkSffCLdc4902WVS375SlSpe9yjiMOYQSow3xPKYSytCNgirPU7WYVOtWrUC77No0SLdfvvtAW2dOnXSDCtjm4+srCznkvfByX3C7ILIZM+dZX6eQ4QC460A332nuJEj5bvrLqlhQ397+/bSO+9INWu613nciowxh1BivCGWx1xOEfoQNsHJOn3rrbeqbdu2atasWYH327hxo4488siANrtu7QXtoxo6dGi+s1uZmZnF0HN4NV4saNsvndfvVCD6Md4Cxa9dqwrjxyvhiy+c67ufeELpDz+8353i3QIROCSMOYQS4w2xPObS09MjLzjZXifbp/T5/iVrD9Pdd98dMENlM0716tVTjRo1WKoX4b9wcXFxzvPo9S8coh/j7X+2bpVeeklxtl/J3qH7Xynx0qmpKleunFSpktc9jBqMOYQS4w2xPOYSExMjKzgNHDjQ2bO0YMEC1a1b96D3rVmzpjZt2hTQZtetPT9ly5Z1LvuzJ8nrJwqHx37heB4RKjE93nbudKvhvfaa+3muI46Q+veXLrxQcVYUAsUqpsccQo7xhlgdc/FF+Pc97alNz1lomj59uj755BM1aNAg6Ne0bt1ac+fODWizinzWDgAoRjarZHuVrLS4ncmUG5rKl5duvtmtlNe9u1tJDwCAKFfa6+V5kyZN0syZM52znHL3KVllC2fZh6TevXurTp06zl4lM2TIELVv315PP/20unbtqsmTJ2vJkiUaO3aslz8KAESnadOkLVvczy0g9egh3XCDVfHxumcAAISUpzNOo0ePdjaGnXXWWapVq9a+y1tvvbXvPmvWrNGGDRv2XW/Tpo0TtiwotWjRQtOmTXMq6h2soAQA4BDY8oXBg93PzznHTh+X/vUvQhMAICZ5OuNUmCOk5s2bd0Bbz549nQsAoJisXSu98IJ09dVS3jeiWrWSJk8OLDcOAEAMCoviEAAAj2zbJo0b5y7Jy852K+fZfqa4OP99CE0AABCcACAm2Tl2kyZJEyYEVsr74w8rVeo/vBYAADgITgAQa5Xy3n9fevHFwANq7RyLa65xL1Y1DwAABCA4AUAssD2lixZJw4dLv/0WWADCSor36+eeywQAAPJFcAKAWGF7mfKGpnbt7ARy6ZhjvOwVAAARgeOhASAWWLGHIUPcz5s0kezsu2eeITQBAFBIzDgBQLRJS5Neflk680zp1FP97S1aSC+9JJ10UmDVPAAAEBTBCQCixe7dkh0g/sorUnq69M030sSJ7j6mXCef7GUPAQCIWAQnAIiGSnn//a80apS0caO//fffpVWrpOOO87J3AABEBYITAESyr792K+WtXOlvs2V4F14o9e8vJSd72TsAAKIGwQkAItGvv0ojRrglxvNq00YaNEhq1MirngEAEJUITgAQifYPTccf71bNO/10L3sFAEDUIjgBQCSyWaUvv5Rq1pRuuUXq1CmwCAQAAChWBCcACGd79kjTpklHHeUuw8tlBR+ee0467TQpIcHLHgIAEBMITgAQjnw+ac4c6YUXpHXrpAYNpH/8QypVyn+ftm297CEAADGF4AQA4WbpUnc26ccf/W2rV7vnMrGHCQAATxCcACBc2LlLI0dKCxYEtttyPCv80LixVz0DACDmEZwAwGubN0tjx0ozZ7qH2eZq2FAaPFhq3do9mwkAAHiG4AQAXnv2Wemjj/zX7dDam2+WunalUh4AAGGC4AQAXuvfX/r4Y6lcOem666RevaSyZb3uFQAAyIPgBAChrJT36adSmTLSmWf62+vXlx59VDrlFKlqVS97CAAACkBwAoBQ+O47afhw6fvvpVq13NLiec9f6tDBy94BAIAgCE4AUJL+/NOtlGczTbk2bJDmzpU6d/ayZwAAoAgITgBQErZulV56SXr77cBKeXaQ7aBBgUv1AABA2CM4AUBx2rVLeuMNaeJEaedOf3v16m4RiIsukkqV8rKHAADgEBCcAKA4Pf+8NGWK/3r58lLv3tJVV7lV8wAAQETigBAAKE4Wkqzog52/1LOnNGOGdMMNhCYAACIcM04AcKh++EHaskVq187fVrOmdN99UpMm0lFHedk7AABQjAhOAFBUf/0ljRolffSRVK2aO6tkS/JyUS0PAICow1I9ACis7dulp5+WLr3UDU251fMsOAEAgKjGjBMABJOVpXJvvaW4d96RMjL87VWrSv36SRdf7GXvAABACBCcAKAgdv7SrFmKGzVK5devl8qUcdsTE6Wrr3YLQeRdogcAAKIWwQkACjJ+vDR6tP+6Vcrr1s2dZapRw8ueAQCAEGOPEwAUxJbg/W9GaXerVvJNmiT95z+EJgAAYhAzTgBgNmyQVq+W2rTxt1nFvLvuki85Wen16qlccrKXPQQAAB4iOAGIbWlp7pK8yZPdvUszZ0pJSf7bu3Z19zqlpHjZSwAA4DGW6gGITbt3S6+/LnXvLr32mrRnj5Se7rYBAADshxknALHFZo8+/NA9wNaW5+VKSJB69ZKuucbL3gEAgDBFcAIQO77+Who+XFq50t8WF+cux+vfX6pZ08veAQCAMEZwAhAbZsyQHn44sK11a2nQIOm447zqFQAAiBDscQIQG84911/0wYLSCy9Izz9PaAIAAIXCjBOA6LNjh/Tjj9Lpp/vbKlWSbr/dPcT2/PPdjwAAAIVEcAIQPawy3ttvSy+95FbNs+V51av7b7/gAi97BwAAIhhvuQKIfD6fNGeOdOml0lNPSamp0q5dboACAAAoBsw4AYhsS5e6lfJ++CGw3Zbj9e7tVa8AAECUITgBiEy//y6NHCktWBDYfuqp0pAh0gkneNUzAAAQhQhOACLP55+7hR7sMNtcxx7rBiYrMW5nMwEAABQjghOAyHPKKVK1atLff0s1akg33+wWfqBSHgAAKCEEJwDhbe9et7R48+b+tnLlpMGDpY0bpSuvlBITvewhAACIAQQnAOFbKW/+fPeQ2vXr3TLjtWv7b+/SxcveAQCAGMO6FgDh5/vvpRtukO64Q/rzT/d8plGjvO4VAACIYcw4AQgfa9a4lfI++SSw/eSTpSuu8KpXAAAA3s44LViwQBdeeKFq166tuLg4zZgx46D3nzdvnnO//S8bbZ8DgMi1dav0xBNSz56Boenoo6VnnpHGjpWaNfOyhwAAIMZ5OuOUkZGhFi1aqG/fvrrkkksK/XUrV65UUlLSvuvJyckl1EMAJc4OrrWqeDt3+tusYl7//lK3blKpUl72DgAAwPvg1LlzZ+dSVBaUqlSpUiJ9AhBijRpJ9vtswcmq5fXuLV11lVS+vNc9AwAAiOw9TieddJKysrLUrFkzPfDAA2rbtm2B97X72SVXWlqa8zEnJ8e5IDLZc+fz+XgOI7FS3u+/u4fV5ipdWho4UFqyRLrxRql6dbc9jJ5bxhtCjTGHUGK8IZbHXE4R+hBRwalWrVp68cUXdeqppzphaNy4cTrrrLP01VdfqWXLlvl+zbBhwzR06NAD2jdv3qzMzMwQ9BolNchTU1OdX7p4Dj2NCKVWrlSFceNUesUKpY4dq+x69fw32hlNdsnOllJSFG4Ybwg1xhxCifGGWB5z6enphb5vnM96HAasyMP06dPVvXv3In1d+/btVb9+fb322muFnnGqV6+etm3bFrBPCpH3C2fht0aNGp7/wiGIdesUZ6XE58zxt7VvL9+TTypSMN4Qaow5hBLjDbE85tLS0lS1alUnyAXLBhE145Sf008/XZ9//nmBt5ctW9a57M+eJK+fKBx+2OZ5DGOpqdLLL0tTpkh79/rbbaapSxfFRdjzxnhDqDHmEEqMN8TqmIsvwr8f8cHp22+/dZbwAQgTNsM7ebI0fry0Y4e/vWpVdw+TVdC0fU0AAAARxNNXLzt27NCqVav2XV+9erUThKpVq+Ysv7v77ru1bt06TZw40bn9ueeeU4MGDdS0aVNnf5Ltcfrkk0/00UcfefhTANhn7Vq3jPimTf42m/G9+mq3Wl6FCl72DgAAIDKD05IlS3T22Wfvu3777bc7H/v06aMJEyZow4YNWrNmzb7bd+/erX/+859OmCpfvryaN2+ujz/+OOB7APBQ7dr+cGRT3xdeKN10k50h4HXPAAAADkvYFIcI5QawypUrF2oDGMJ7U2FKSopzppfXa2Nj2saNUs2agW2253DaNGnQoMCy4xGM8YZQY8whlBhviOUxl1aEbMBGAwBFt2GDNHq09N//SraUtnFj/21nnOFeAAAAoghvKwAoPDtAesQIqUcP6YMP3ENqhw93D7YFAACIYsw4AQhu925p6lS3vLiFp1w2pX3mmW5wiovzsocAAAAliuAEoGA2o2RVK+0A2/Xr/e0JCVKvXtK110qVKnnZQwAAgJAgOAHI39at0pAh0k8/+dtsVqlLF+nmmw8sCgEAABDFCE4A8mcH1uZdfteqlTR4sHTccV72CgAAwBMUhwDgyrt3yVhoshknC0ojR7oXQhMAAIhRBCcg1mVkuHuYOneWli0LvO2UU6TXX3dnmwAAAGIYwQmIVXv2SFOmSN26Sa+8ImVlSc89d2BpcQ5DBAAAYI8TEHMsGH3yibv0bu1af3vp0lKLFm6gsqp5AAAA2IfgBMQSW4pnB9auWBHY3qmTNGCAVLu2Vz0DAAAIawQnIBbs2iXde680f/6Be5isAESTJl71DAAAICIQnIBYkJjoFoHIdcwxbmnxtm0DS44DAAAgX+z6BqJRZmZgkQcLRxaUkpOl++6T3nxTOuMMQhMAAEAhEZyAaJKdLb3zjnTRRdKiRYG32XK8mTPdKnqlSnnVQwAAgIjEUj0gGtjs0oIF0ogR0p9/um1WBMLOX8pbTrxMGc+6CAAAEMkITkCkW77cDUnffhvYfvTR0o4dUlKSVz0DAACIGgQnIFKtWSO98II0d25gu53FZJXymjf3qmcAAABRh+AEROI+pqeflt5+2/0811FHuQUg2rWj6AMAAEAxIzgBkcYKO2zY4A9N1apJN90kde9O0QcAAIASQnACwl1OjjuDlHcWadAgaelS6aqrpKuvlsqX97KHAAAAUY9y5EA4V8r7/HPpiisO3MdkB9jOni3160doAgAACAFmnIBw9OOPbmnxJUvc6yNHSu3bB5YTJzABAACEDMEJCCfr17uV8j78MLC9ShVp61bpyCO96hkAAEBMIzgB4SA1VXr5ZWnKFGnvXn973brufqZzzqFSHgAAgIcIToDX+5hee0165RX3sNq8M0w33ihdckng8jwAAAB4guAEeMlmkVau9IemhAS3Sl7v3lLFil73DgAAAP9DcAK8mGXKu+xuwABp3jypUyepf38pOdnL3gEAACAfBCcgVH75xa2U17GjdNFF/vbataX335eqVvWydwAAADgIghNQ0jZtkkaNkj74wJ1t+u03NzwlJvrvQ2gCAAAIawQnoKSkp0sTJkhvvint3u1vt2IP69ZJxx7rZe8AAABQBAQnoLhZSJo2TRo3TkpL87cnJUnXXy/17OkWgQAAAEDEIDgBxWnOHOn5592DbHNZSLriCunaa93wBAAAgIhDcAKK09dfB4amLl2km2+WatXyslcAAAA4TAQnoDjddJM0e7bUvLk0ZIh0/PFe9wgAAADFgOAEHIqUFGnMGDcYXXaZv/2II6S33nJLjOc9qwkAAAARjeAEFEVGhvTqq9Ibb0hZWVLlyu5yvIoV/fepU8fLHgIAAKAEEJyAwti7V3rnHemll6Rt2wLb7WDbli297B0AAABKGMEJOBg7sPbTT6WRI6U1a/ztpUu7S/T69pWqVPGyhwAAAAgBghNQkO++k557Tlq+PLC9Y0dpwACW5AEAAMQQghNQkE8+CQxNthzv1lulJk287BUAAAA8QHACCnL99dK770o1akiDBklnnEGlPAAAgBhFcAJ27nSr5FWoIF15pb89KcktBtGggVSqlJc9BAAAgMcITohd2dnSzJnueUxbtkjly0udO0tVq/rv07Chlz0EAABAmCA4ITYr5X32mTRihPTHH/52O5fpm2+kDh287B0AAADCEMEJseWHH6Thw6WlSwPbzzlHGjhQql/fq54BAAAgjBGcEBv++kt64QVpzpzA9ubN3Up59hEAAAAoAMEJsWHWrMDQZDNLgwdL7dtTKQ8AAABBEZwQG665Rnr7bffzfv2k7t2l0gx/AAAAFA6vHBFdcnKk99+X0tOlq67yt1vFvGefdUuL2+cAAABAERCcED2V8hYtcivlrVolJSRI550nJSf779O0qZc9BAAAQAQjOHkoJ8enP7ZkKD1zryolltbR1SsoPp79NoV53Fb/vUMpm3coI768Gvy9TvEjn5e+/tp/p927pblzpV69vOxqWGG8FdN4O6ISjxtKFGMOAMITwckjK9al6u2lf2lVyg5l7clR2TLxaphcUT1a1lWzOpW97l7YP26/paSrQepfavnpLJX7+WtVLZ+gcmVKuXdq0sStlNeypdfdDRuMt8Mfb9XjM7Ul528dm1yJxw0lhjEHAOEr3st/fMGCBbrwwgtVu3ZtxcXFacaMGUG/Zt68eWrZsqXKli2rhg0basKECYrEP4wj5v6q5X+lqkq5BB19RAXno123drsdBT9uq35dr+7zpqnfmKE6+YevtGt3tjalZSmterI0bJj06quEpjwYb8XzuCUnJfK4oUQx5gAgvHkanDIyMtSiRQu9YOfrFMLq1avVtWtXnX322fr2229166236oYbbtCHH36oSFqCYe8mbs3Y7bzjXzGxtErFxzkf7bq1v7N0nXM/5P+4dVnzjU5fNFvx2Xud5Su+pMqafs4VGtF/mHLO7UB58TwYb8XzuFVILC1bKWUfedxQEhhzABD+PF2q17lzZ+dSWC+++KIaNGigp59+2rl+wgkn6PPPP9ezzz6rTp065fs1WVlZziVXWlqa8zEnJ8e5hJqtW7clGLUrJ/7v9b3/j6Bdt/ZVKWla/Xe6GhxRMeT9C1d5H7cfWp+nkz//QJV2bNM3Z16gpWd107a4BG3fuovHbT+Mt+J83NyLzY7zuKG4MebgJXs95PP5PHldhNiUE0Zjrih9iKg9TosWLVKHDh0C2iww2cxTQYYNG6ahQ4ce0L5582ZlZmYq1Gyzr61bTy5r0327D7g9qaxUKitTKZtSVCFnp2JdmWXLVGr1aqWc2dH/uMVJC6+8UapSUZur1JIVF0/07eZxywfjrfget4rOR3c2k8cNxY0xB69fOKampjovZOPjPV2MhBiRE0ZjLt2OsInG4LRx40YdeeSRAW123WaRdu3apXLlyh3wNXfffbduv/32fdftvvXq1VONGjWUlJSkULMKSbbZNzsrwVmCccDtWXu1PUdKPjJZybH8ruIvvyhu5Ejpyy+lUqVUu1V7bclJ3Pe4bT+6uapop7bLnvM4HrcCMN6K63Fz3/lnvKGkMObg9YtYm9m010Zev4hFbMgJozGXmJgYncHpUFgRCbvsz54kL54oKytrFZJss2/DshWdQZPLUvf61Ew1r1sldsvPbtokjR4tzZrlns1ksrNV77OPdewxHfZ73NyL3S3mH7cCMN6K83FjvKHkMObgNRtzXr02QmyKC5MxV5R/P6KCU82aNbXJXljnYddt5ii/2aZwZH/wrKzsum27nNLQtSqXU7mEUk5luA2pu1StQoIuaVkn9v4w2jSpVUh88033DKZctWpJt9yi+E6d1GND+r7Hzdb729IVexfWXlDE7OMWBOOteB43xhtKGmMOAMJfRAWn1q1b64MPPghomzNnjtMeSewsjsHnNtp3rs6mNPdcHXs30f4wxtRZHRaSpk2Txo2zdZT+9kqVpOuvly67TEpIOOBxs03Utt7flq7E5ONWBIy3Q8N4Q6gx5gAgvHkanHbs2KFVq1YFlBu3MuPVqlVT/fr1nf1J69at08SJE53b+/fvr5EjR+pf//qX+vbtq08++URTpkzRLFvWFWHsD2CTWkn6Y0uG0jP3qlJiaR1dvULsvZtopeSfecZ/vUwZ6fLLpb59pXz2oOU+blZZyjZJ23p/lq4Ex3g7NIw3hBpjDgDCl6fBacmSJc6ZTLlyizj06dPHOdh2w4YNWrNmzb7brRS5haTbbrtNw4cPV926dTVu3LgCS5GHO/tDeEyNGN/ka+XobYnen3+6n998s1S7dtDHzcrxWmUp2yTNC4rCYbwdGsYbQo0xBwDhydPgdNZZZzkb1Ati4Sm/r1m2bFkJ9wwl4vffpcWL3RmlXKVLS/feK9ketcaNvewdAAAAEB17nBChNm+WxoyR3n3XrZTXsqXUqJH/9pNP9rJ3AAAAQFDUnETJ2bnTLS3evbs0Y4YV7XeD02uved0zAAAAoEiYcULx27tXmj5dGjtW2rbN316hgnTddVKvXl72DgAAACgyghOKj80mzZsnPf+8lKeoh7OPqWdPt7x4lSpe9hAAAAA4JAQnFJ/PP5fuvDOw7bzzpAEDpLp1veoVAAAAcNgITig+bdtKxx8vrVzpFoAYPFhq1szrXgEAAACHjeCEQ7N1q7RggVv4IVd8vPSvf0mpqdKZZ0pxnD0CAACA6EBwQtHs2iW98YY0caJbNe+YY6Tmzf23t2jhZe8AAACAEkE5chROdrZbKe/ii6UXX3RDk7HKeQAAAECUY8YJwSvlffaZWylv9erAZXmXXCL16+dl7wAAAICQIDihYD/8IA0fLi1dGth+9tnSwIHSUUd51TMAAAAgpAhOKDg09ekT2GZ7mYYMYR8TAAAAYg7BCflr0sQNSN99J9Wv784w2UwTlfIAAAAQgwhOkLKypE8/lc4/399mAem226SffnILQpRmqAAAACB28Wo4luXkSLNmSaNHSykpUtWq0j/+4b/dDq/lAFsAAACA4BSzlfIWLZJGjJBWrfK3v/CCdPrpLMcDAAAA9kNwijU//+wGpq+/Dmxv187dx0RoAgAAAA5AcIoVGzZIo0ZJs2cfWATCKuWdcopXPQMAAADCHsEpFqxbJ116qbRnj7+tdm13hqlDB/cwWwAAAAAFIjjFgjp1pNNOkxYulJKSpBtvlHr0kBISvO4ZAAAAEBEITtFYKc8CUtu2gfuVBg2SGjWSrr1WqlTJyx4CAAAAEYfgFE2s4MPw4dLKldJTT0lnneW/zUKTXQAAAAAUGcEpGlhJcauUZzNNuez6mWdKpUp52TMAAAAgKhCcIpkdWvvii9J777lnM+U6/ni3Uh6hCQAAACgWBKdItGOH9Oqr0htvSLt3+9tr1pRuuUU6/3wq5QEAAADFiOAUaVJT3dLi27b526zYQ9++0uWXUykPAAAAKAEEp0hTubLUsqU0d65Upowbliw0WZlxAAAAACWC4BTuVqyQmjQJXHo3YIBUtqzUv797kC0AAACAEsVGmHC1erV0++3uuUv//W/gbfXrSw8+SGgCAAAAQoQZp3Dz99/S2LHSjBnuYbZm1CipQwf2LwEAAAAeITiFi507pddecy+Zmf72GjWkfv2k0jxVAAAAgFd4Ne61vXulmTOlMWOkrVv97eXLu8v0rrxSSkz0socAAABAzCM4ecnOYLr6aun33/1tdmitlRu/4QapalUvewcAAADgfwhOXrI9S82a+YOT7WOyinn16nndMwAAAAB5EJy8ZiXFN21yP554ote9AQAAAJAPgpPXkpOlF17wuhcAAAAADoJznAAAAAAgCIITAAAAAARBcAIAAACAIAhOAAAAABAEwQkAAAAAgiA4AQAAAEAQBCcAAAAACILgBAAAAABBEJwAAAAAIAiCEwAAAAAEQXACAAAAgCAITgAAAAAQBMEJAAAAAIIgOAEAAABAEAQnAAAAAAiC4AQAAAAAQRCcAAAAACAIghMAAAAABFFaMcbn8zkf09LSvO4KDkNOTo7S09OVmJio+HjyP0oW4w2hxphDKDHeEMtjLu1/mSA3IxxMzAUne5JMvXr1vO4KAAAAgDDJCJUrVz7ofeJ8hYlXUZZw169fr0qVKikuLs7r7uAw3h2w8Lt27VolJSV53R1EOcYbQo0xh1BivCGWx5zP53NCU+3atYPOfsXcjJM9IHXr1vW6Gygm9svm9S8cYgfjDaHGmEMoMd4Qq2OucpCZplwsZAUAAACAIAhOAAAAABAEwQkRqWzZsrr//vudj0BJY7wh1BhzCCXGG0KtbISOuZgrDgEAAAAARcWMEwAAAAAEQXACAAAAgCAITgAAAAAQBMEJAAAAAIIgOCFiDBs2TKeddpoqVaqk5ORkde/eXStXrvS6W4ghjz32mOLi4nTrrbd63RVEqXXr1unqq69W9erVVa5cOZ144olasmSJ191ClMrOztZ9992nBg0aOOPt2GOP1UMPPSTqhqG4LFiwQBdeeKFq167t/P2cMWNGwO021v7v//5PtWrVcsZghw4d9OuvvypcEZwQMebPn68BAwboyy+/1Jw5c7Rnzx517NhRGRkZXncNMWDx4sUaM2aMmjdv7nVXEKW2bdumtm3bqkyZMpo9e7Z+/PFHPf3006patarXXUOUevzxxzV69GiNHDlSP/30k3P9iSee0PPPP+911xAlMjIy1KJFC73wwgv53m7jbcSIEXrxxRf11VdfqUKFCurUqZMyMzMVjihHjoi1efNmZ+bJAlW7du287g6i2I4dO9SyZUuNGjVKDz/8sE466SQ999xzXncLUebf//63vvjiC3322WdedwUx4oILLtCRRx6pl19+eV9bjx49nHf+X3/9dU/7hugTFxen6dOnOyuGjEUQm4n65z//qTvuuMNpS01NdcbkhAkTdMUVVyjcMOOEiGW/XKZatWpedwVRzmY6u3bt6iwhAErKu+++q1NPPVU9e/Z03hQ6+eST9dJLL3ndLUSxNm3aaO7cufrll1+c6999950+//xzde7c2euuIQasXr1aGzduDPjbWrlyZf3jH//QokWLFI5Ke90B4FDk5OQ4+0xsWUuzZs287g6i2OTJk7V06VJnqR5Qkn7//Xdn2dTtt9+ue+65xxlzgwcPVkJCgvr06eN19xCls5xpaWlq3LixSpUq5ex5euSRR3TVVVd53TXEgI0bNzofbYYpL7uee1u4ITghYmcAVqxY4bwzBpSUtWvXasiQIc6eusTERK+7gxh4Q8hmnB599FHnus042f/nbO0/wQklYcqUKXrjjTc0adIkNW3aVN9++63zpqQtn2LMAQdiqR4izsCBA/X+++/r008/Vd26db3uDqLYN998o5SUFGd/U+nSpZ2L7amzjaz2ub07CxQXqyrVpEmTgLYTTjhBa9as8axPiG533nmnM+tke0msguM111yj2267zaliC5S0mjVrOh83bdoU0G7Xc28LNwQnRAzbRGihyTYWfvLJJ075VKAknXvuuVq+fLnzLmzuxWYEbBmLfW5LW4DiYkuP9z9iwfaeHHXUUZ71CdFt586dio8PfClo/1+z2U+gpDVo0MAJSLbPLpctHbXqeq1bt/a0bwVhqR4ianmeLSeYOXOmc5ZT7vpX20hoFYCA4mbjbP89dFYq1c7YYW8dipu902+b9W2p3mWXXaavv/5aY8eOdS5ASbDzdWxPU/369Z2lesuWLdMzzzyjvn37et01RFFV2lWrVgUUhLA3Hq2wl407Wxpq1WobNWrkBCk7V8yWiuZW3gs3lCNHRJWxzM/48eN17bXXhrw/iE1nnXUW5chRYmwZ8t133+0cAGkvIqxQxI033uh1txCl0tPTnReqtpLDliXbC9ZevXo5B5JaURLgcM2bN09nn332Ae22h85KjlsMuf/++503iLZv364zzjjDOfrjuOOOUzgiOAEAAABAEOxxAgAAAIAgCE4AAAAAEATBCQAAAACCIDgBAAAAQBAEJwAAAAAIguAEAAAAAEEQnAAAAAAgCIITAAAAAARBcAIAIIi4uDjNmDHD624AADxEcAIARKxrr73WCTV2KVOmjBo0aKB//etfyszM9LprAIAoU9rrDgAAcDjOP/98jR8/Xnv27NE333yjPn36OEHq8ccf97prAIAowowTACCilS1bVjVr1lS9evXUvXt3dejQQXPmzHFu27Jli3r16qU6deqofPnyOvHEE/Xmm28GfP1ZZ52lwYMHOzNV1apVc77XAw88cNB/8/7771etWrX0/fffl+jPBgAIHwQnAEDUWLFihRYuXKiEhATnui3ZO+WUUzRr1izntn79+umaa67R119/HfB1r776qipUqKCvvvpKTzzxhB588MF94Ssvn8+nQYMGaeLEifrss8/UvHnzkP1sAABvxfnsrwAAABG6x+n1119XYmKi9u7dq6ysLMXHx2vKlCnq0aNHvl9zwQUXqHHjxnrqqaf2zThlZ2c7QSjX6aefrnPOOUePPfaYc92W/k2dOlXTp0/XsmXLnFBls1gAgNjBHicAQEQ7++yzNXr0aGVkZOjZZ59V6dKl94UmC0SPPvqoE6TWrVun3bt3O+HKlu3ltf/MkS3DS0lJCWi77bbbnGWBX375pY444ogQ/GQAgHDCUj0AQESzJXYNGzZUixYt9MorrzjL7V5++WXntieffFLDhw/XXXfdpU8//VTffvutOnXq5ASovKwiX142w5STkxPQdt555znh68MPPwzBTwUACDcEJwBA1LBlevfcc4/uvfde7dq1S1988YW6deumq6++2glWxxxzjH755ZdD+t4XXXSRJk2apBtuuEGTJ08u9r4DAMIbwQkAEFV69uypUqVK6YUXXlCjRo2c/UhWMOKnn37STTfdpE2bNh3y97744ov12muv6brrrtO0adOKtd8AgPDGHicAQFSxPU4DBw50quNZIYfff//dWZ5n+5qsqp6VLE9NTT3k73/ppZc6y/isOp/NcF1yySXF2n8AQHiiqh4AAAAABMFSPQAAAAAIguAEAAAAAEEQnAAAAAAgCIITAAAAAARBcAIAAACAIAhOAAAAABAEwQkAAAAAgiA4AQAAAEAQBCcAAAAACILgBAAAAABBEJwAAAAAQAf3/1OUImtBNUOxAAAAAElFTkSuQmCC""
]
","Reading inline script metadata from `analysis_script.py`
"
"The Indian high court judgement dataset contains judgements from the Indian High Courts, downloaded from [ecourts website](https://judgments.ecourts.gov.in/). It contains judgments of 25 high courts, along with raw metadata (as .json) and structured metadata (as .parquet).

- 25 high courts
- ~16M judgments
- ~1TB of data

Structure of the data in the bucket:

- `data/pdf/year=2025/court=xyz/bench=xyz/judgment1.pdf,judgment2.pdf`
- `metadata/json/year=2025/court=xyz/bench=xyz/judgment1.json,judgment2.json`
- `metadata/parquet/year=2025/court=xyz/bench=xyz/metadata.parquet`
- `metadata/tar/year=2025/court=xyz/bench=xyz/metadata.tar.gz`
- `data/tar/year=2025/court=xyz/bench=xyz/pdfs.tar`

This DuckDB query counts the number of decisions in the dataset.

```sql
INSTALL httpfs; LOAD httpfs;
INSTALL parquet; LOAD parquet;

SELECT COUNT(*) FROM read_parquet('s3://indian-high-court-judgments/metadata/parquet/year=*/court=*/bench=*/metadata.parquet?s3_region=ap-south-1');
```

Here are the columns in the data:

| Column                 | Type    | Description                    |
| ---------------------- | ------- | ------------------------------ |
| `court_code`           | VARCHAR | Court identifier (e.g., 33~10) |
| `title`                | VARCHAR | Case title and parties         |
| `description`          | VARCHAR | Case description               |
| `judge`                | VARCHAR | Presiding judge(s)             |
| `pdf_link`             | VARCHAR | Link to judgment PDF           |
| `cnr`                  | VARCHAR | Case Number Register           |
| `date_of_registration` | VARCHAR | Registration date              |
| `decision_date`        | DATE    | Date of judgment               |
| `disposal_nature`      | VARCHAR | Case outcome                   |
| `court`                | VARCHAR | Court name                     |
| `raw_html`             | VARCHAR | Original HTML content          |
| `bench`                | VARCHAR | Bench identifier               |
| `year`                 | BIGINT  | Year partition                 |

Here is a sample row:

```json
{
  ""court_code"": ""33~10"",
  ""title"": ""CRL MP(MD)/4399/2023 of Vinoth Vs The Inspector of Police"",
  ""description"": ""No.4399 of 2023 BEFORE THE MADURAI BENCH OF MADRAS HIGH COURT ( Criminal Jurisdiction ) Thursday, ..."",
  ""judge"": ""HONOURABLE  MR JUSTICE G.K. ILANTHIRAIYAN"",
  ""pdf_link"": ""court/cnrorders/mdubench/orders/HCMD010287762023_1_2023-03-16.pdf"",
  ""cnr"": ""HCMD010287762023"",
  ""date_of_registration"": ""14-03-2023"",
  ""decision_date"": ""2023-03-16"",
  ""disposal_nature"": ""DISMISSED"",
  ""court"": ""33_10"",
  ""raw_html"": ""<button type='button' role='link'.."",
  ""bench"": ""mdubench"",
  ""year"": 2023
}
```

Answer the following questions and respond with a JSON object containing the answer.

```json
{
  ""Which high court disposed the most cases from 2019 - 2022?"": ""..."",
  ""What's the regression slope of the date_of_registration - decision_date by year in the court=33_10?"": ""..."",
  ""Plot the year and # of days of delay from the above question as a scatterplot with a regression line. Encode as a base64 data URI under 100,000 characters"": ""data:image/webp:base64,...""
}
```
",2025-08-17 11:11:30.165857,0,1,,"Reading inline script metadata from `analysis_script.py`
  × No solution found when resolving script dependencies:
  ╰─▶ Because base64 was not found in the package registry and you require
      base64, we can conclude that your requirements are unsatisfiable.
"
"The Indian high court judgement dataset contains judgements from the Indian High Courts, downloaded from [ecourts website](https://judgments.ecourts.gov.in/). It contains judgments of 25 high courts, along with raw metadata (as .json) and structured metadata (as .parquet).

- 25 high courts
- ~16M judgments
- ~1TB of data

Structure of the data in the bucket:

- `data/pdf/year=2025/court=xyz/bench=xyz/judgment1.pdf,judgment2.pdf`
- `metadata/json/year=2025/court=xyz/bench=xyz/judgment1.json,judgment2.json`
- `metadata/parquet/year=2025/court=xyz/bench=xyz/metadata.parquet`
- `metadata/tar/year=2025/court=xyz/bench=xyz/metadata.tar.gz`
- `data/tar/year=2025/court=xyz/bench=xyz/pdfs.tar`

This DuckDB query counts the number of decisions in the dataset.

```sql
INSTALL httpfs; LOAD httpfs;
INSTALL parquet; LOAD parquet;

SELECT COUNT(*) FROM read_parquet('s3://indian-high-court-judgments/metadata/parquet/year=*/court=*/bench=*/metadata.parquet?s3_region=ap-south-1');
```

Here are the columns in the data:

| Column                 | Type    | Description                    |
| ---------------------- | ------- | ------------------------------ |
| `court_code`           | VARCHAR | Court identifier (e.g., 33~10) |
| `title`                | VARCHAR | Case title and parties         |
| `description`          | VARCHAR | Case description               |
| `judge`                | VARCHAR | Presiding judge(s)             |
| `pdf_link`             | VARCHAR | Link to judgment PDF           |
| `cnr`                  | VARCHAR | Case Number Register           |
| `date_of_registration` | VARCHAR | Registration date              |
| `decision_date`        | DATE    | Date of judgment               |
| `disposal_nature`      | VARCHAR | Case outcome                   |
| `court`                | VARCHAR | Court name                     |
| `raw_html`             | VARCHAR | Original HTML content          |
| `bench`                | VARCHAR | Bench identifier               |
| `year`                 | BIGINT  | Year partition                 |

Here is a sample row:

```json
{
  ""court_code"": ""33~10"",
  ""title"": ""CRL MP(MD)/4399/2023 of Vinoth Vs The Inspector of Police"",
  ""description"": ""No.4399 of 2023 BEFORE THE MADURAI BENCH OF MADRAS HIGH COURT ( Criminal Jurisdiction ) Thursday, ..."",
  ""judge"": ""HONOURABLE  MR JUSTICE G.K. ILANTHIRAIYAN"",
  ""pdf_link"": ""court/cnrorders/mdubench/orders/HCMD010287762023_1_2023-03-16.pdf"",
  ""cnr"": ""HCMD010287762023"",
  ""date_of_registration"": ""14-03-2023"",
  ""decision_date"": ""2023-03-16"",
  ""disposal_nature"": ""DISMISSED"",
  ""court"": ""33_10"",
  ""raw_html"": ""<button type='button' role='link'.."",
  ""bench"": ""mdubench"",
  ""year"": 2023
}
```

Answer the following questions and respond with a JSON object containing the answer.

```json
{
  ""Which high court disposed the most cases from 2019 - 2022?"": ""..."",
  ""What's the regression slope of the date_of_registration - decision_date by year in the court=33_10?"": ""..."",
  ""Plot the year and # of days of delay from the above question as a scatterplot with a regression line. Encode as a base64 data URI under 100,000 characters"": ""data:image/webp:base64,...""
}
```
",2025-08-17 11:16:05.608519,0,0,"{
  ""Which high court disposed the most cases from 2019 - 2022?"": ""9_13"",
  ""What's the regression slope of the date_of_registration - decision_date by year in the court=33_10?"": ""Insufficient data"",
  ""Plot the year and # of days of delay from the above question as a scatterplot with a regression line. Encode as a base64 data URI under 100,000 characters"": ""data:image/png;base64,iVBORw0KGgoAAAANSUhEUgAAAAEAAAABCAYAAAAfFcSJAAAADUlEQVR42mNkYPhfDwAChwGA60e6kgAAAABJRU5ErkJggg==""
}
","Reading inline script metadata from `analysis_script.py`
"
"The Indian high court judgement dataset contains judgements from the Indian High Courts, downloaded from [ecourts website](https://judgments.ecourts.gov.in/). It contains judgments of 25 high courts, along with raw metadata (as .json) and structured metadata (as .parquet).

- 25 high courts
- ~16M judgments
- ~1TB of data

Structure of the data in the bucket:

- `data/pdf/year=2025/court=xyz/bench=xyz/judgment1.pdf,judgment2.pdf`
- `metadata/json/year=2025/court=xyz/bench=xyz/judgment1.json,judgment2.json`
- `metadata/parquet/year=2025/court=xyz/bench=xyz/metadata.parquet`
- `metadata/tar/year=2025/court=xyz/bench=xyz/metadata.tar.gz`
- `data/tar/year=2025/court=xyz/bench=xyz/pdfs.tar`

This DuckDB query counts the number of decisions in the dataset.

```sql
INSTALL httpfs; LOAD httpfs;
INSTALL parquet; LOAD parquet;

SELECT COUNT(*) FROM read_parquet('s3://indian-high-court-judgments/metadata/parquet/year=*/court=*/bench=*/metadata.parquet?s3_region=ap-south-1');
```

Here are the columns in the data:

| Column                 | Type    | Description                    |
| ---------------------- | ------- | ------------------------------ |
| `court_code`           | VARCHAR | Court identifier (e.g., 33~10) |
| `title`                | VARCHAR | Case title and parties         |
| `description`          | VARCHAR | Case description               |
| `judge`                | VARCHAR | Presiding judge(s)             |
| `pdf_link`             | VARCHAR | Link to judgment PDF           |
| `cnr`                  | VARCHAR | Case Number Register           |
| `date_of_registration` | VARCHAR | Registration date              |
| `decision_date`        | DATE    | Date of judgment               |
| `disposal_nature`      | VARCHAR | Case outcome                   |
| `court`                | VARCHAR | Court name                     |
| `raw_html`             | VARCHAR | Original HTML content          |
| `bench`                | VARCHAR | Bench identifier               |
| `year`                 | BIGINT  | Year partition                 |

Here is a sample row:

```json
{
  ""court_code"": ""33~10"",
  ""title"": ""CRL MP(MD)/4399/2023 of Vinoth Vs The Inspector of Police"",
  ""description"": ""No.4399 of 2023 BEFORE THE MADURAI BENCH OF MADRAS HIGH COURT ( Criminal Jurisdiction ) Thursday, ..."",
  ""judge"": ""HONOURABLE  MR JUSTICE G.K. ILANTHIRAIYAN"",
  ""pdf_link"": ""court/cnrorders/mdubench/orders/HCMD010287762023_1_2023-03-16.pdf"",
  ""cnr"": ""HCMD010287762023"",
  ""date_of_registration"": ""14-03-2023"",
  ""decision_date"": ""2023-03-16"",
  ""disposal_nature"": ""DISMISSED"",
  ""court"": ""33_10"",
  ""raw_html"": ""<button type='button' role='link'.."",
  ""bench"": ""mdubench"",
  ""year"": 2023
}
```

Answer the following questions and respond with a JSON object containing the answer.

```json
{
  ""Which high court disposed the most cases from 2019 - 2022?"": ""..."",
  ""What's the regression slope of the date_of_registration - decision_date by year in the court=33_10?"": ""..."",
  ""Plot the year and # of days of delay from the above question as a scatterplot with a regression line. Encode as a base64 data URI under 100,000 characters"": ""data:image/webp:base64,...""
}
```
",2025-08-17 11:13:51.823838,0,-1,,Script execution timed out after 180 seconds
"The Indian high court judgement dataset contains judgements from the Indian High Courts, downloaded from [ecourts website](https://judgments.ecourts.gov.in/). It contains judgments of 25 high courts, along with raw metadata (as .json) and structured metadata (as .parquet).

- 25 high courts
- ~16M judgments
- ~1TB of data

Structure of the data in the bucket:

- `data/pdf/year=2025/court=xyz/bench=xyz/judgment1.pdf,judgment2.pdf`
- `metadata/json/year=2025/court=xyz/bench=xyz/judgment1.json,judgment2.json`
- `metadata/parquet/year=2025/court=xyz/bench=xyz/metadata.parquet`
- `metadata/tar/year=2025/court=xyz/bench=xyz/metadata.tar.gz`
- `data/tar/year=2025/court=xyz/bench=xyz/pdfs.tar`

This DuckDB query counts the number of decisions in the dataset.

```sql
INSTALL httpfs; LOAD httpfs;
INSTALL parquet; LOAD parquet;

SELECT COUNT(*) FROM read_parquet('s3://indian-high-court-judgments/metadata/parquet/year=*/court=*/bench=*/metadata.parquet?s3_region=ap-south-1');
```

Here are the columns in the data:

| Column                 | Type    | Description                    |
| ---------------------- | ------- | ------------------------------ |
| `court_code`           | VARCHAR | Court identifier (e.g., 33~10) |
| `title`                | VARCHAR | Case title and parties         |
| `description`          | VARCHAR | Case description               |
| `judge`                | VARCHAR | Presiding judge(s)             |
| `pdf_link`             | VARCHAR | Link to judgment PDF           |
| `cnr`                  | VARCHAR | Case Number Register           |
| `date_of_registration` | VARCHAR | Registration date              |
| `decision_date`        | DATE    | Date of judgment               |
| `disposal_nature`      | VARCHAR | Case outcome                   |
| `court`                | VARCHAR | Court name                     |
| `raw_html`             | VARCHAR | Original HTML content          |
| `bench`                | VARCHAR | Bench identifier               |
| `year`                 | BIGINT  | Year partition                 |

Here is a sample row:

```json
{
  ""court_code"": ""33~10"",
  ""title"": ""CRL MP(MD)/4399/2023 of Vinoth Vs The Inspector of Police"",
  ""description"": ""No.4399 of 2023 BEFORE THE MADURAI BENCH OF MADRAS HIGH COURT ( Criminal Jurisdiction ) Thursday, ..."",
  ""judge"": ""HONOURABLE  MR JUSTICE G.K. ILANTHIRAIYAN"",
  ""pdf_link"": ""court/cnrorders/mdubench/orders/HCMD010287762023_1_2023-03-16.pdf"",
  ""cnr"": ""HCMD010287762023"",
  ""date_of_registration"": ""14-03-2023"",
  ""decision_date"": ""2023-03-16"",
  ""disposal_nature"": ""DISMISSED"",
  ""court"": ""33_10"",
  ""raw_html"": ""<button type='button' role='link'.."",
  ""bench"": ""mdubench"",
  ""year"": 2023
}
```

Answer the following questions and respond with a JSON object containing the answer.

```json
{
  ""Which high court disposed the most cases from 2019 - 2022?"": ""..."",
  ""What's the regression slope of the date_of_registration - decision_date by year in the court=33_10?"": ""..."",
  ""Plot the year and # of days of delay from the above question as a scatterplot with a regression line. Encode as a base64 data URI under 100,000 characters"": ""data:image/webp:base64,...""
}
```
",2025-08-17 11:22:20.186795,0,0,"{
  ""Which high court disposed the most cases from 2019 - 2022?"": ""9_13"",
  ""What's the regression slope of the date_of_registration - decision_date by year in the court=33_10?"": -21.076284842905558,
  ""Plot the year and # of days of delay from the above question as a scatterplot with a regression line. Encode as a base64 data URI under 100,000 characters"": ""data:image/png;base64,iVBORw0KGgoAAAANSUhEUgAAA14AAAIjCAYAAAATE8pZAAAAOnRFWHRTb2Z0d2FyZQBNYXRwbG90bGliIHZlcnNpb24zLjEwLjUsIGh0dHBzOi8vbWF0cGxvdGxpYi5vcmcvWftoOwAAAAlwSFlzAAAPYQAAD2EBqD+naQAAentJREFUeJzt3Ql4VNX5x/E3ewj7Egj7IvuqUBcEVNSCe91ad22lblWr4lb/Wte6oBW0aqvWurRqXdG6tCACLihuoCIoCIiyE3YCgazzf34nTpwkd0IScjOTm+/neQ5h5t6ZuTNnJrnvvOe8JyEUCoUMAAAAAOCbRP/uGgAAAAAgBF4AAAAA4DMCLwAAAADwGYEXAAAAAPiMwAsAAAAAfEbgBQAAAAA+I/ACAAAAAJ8ReAEAAACAzwi8AAAAAMBnBF4AgHqpW7du9utf/7pOH/P777+3hIQE+/Of/1ynjxuvVqxYYenp6fbBBx/E+lBQia+//tqSk5Nt/vz5sT4UoEEj8AIQN/7617+6k9r9998/1ocSl4qKiuyJJ56wQw45xFq1amVpaWku+PjNb35jn332mcUj9We46cRPxz1s2DC77LLL3MkgKjryyCOtZcuWtm7dugrbtm7dau3bt3efkeLiYou1W2+91R3LiBEjKmx755137MQTT7SsrCxLTU21tm3b2rHHHmuTJ0+2WHn22Wftvvvuq/L+d9xxhx1wwAGWmZnpAsxevXrZ5ZdfbuvXry+z3+rVq+3MM8+0Pn36WNOmTa1Fixa233772VNPPWWhUKjax3n77bfbcccdZ+3atXOfnZtvvjnqvqtWrbJf/epX7jGbNWtmv/jFL+y7774rs0///v3t6KOPthtvvLHaxwKg9iTX4n0BwB555plnXCDxySef2JIlS6xnz56xPqS4sXPnTncSO2XKFDvooIPs//7v/1wQowzMCy+84E7wli9fbp06dbJ48/Of/9zOPvtsdwKqwOHLL790x6tAe8KECTZ+/PhYH2Jc0esycOBAu+KKK1ygEEn9vmHDBvc+SEyM7XenCj7Uj2rl3XTTTS4oU6BywQUXWNeuXW3jxo323//+10466ST3WT/99NPr/Jj1eirro+CpKubMmWN77723nXrqqS6g+uabb+zvf/+7vfnmm/bFF19Y48aN3X7qk5UrV9rJJ59sXbp0sYKCAps2bZrLyC5atMgFcNVxww03uIB1n332salTp0bdb/v27TZ69Gj3udJ7IyUlxSZNmmQHH3ywO77WrVuX7nvhhRfaUUcdZUuXLrW99tqrWscDoJaEACAOfPfdd/paODR58uRQZmZm6Oabb67zYygqKgrt3LkzFI8uvvhi9/pMmjSpwrbCwsLQPffcE1qxYkUo3uiYdezlbdiwITR8+HC3/c0336zRfXft2jV0zjnnhOrSsmXL3DHr9fbThAkT3ONMnTq19LpPPvkklJiYGLrmmmtCdUGfBX0mopk4cWKoUaNGoZycnDLXv/jii+7YTz755FB+fn6F202ZMiX0+uuvh+rS9u3b3c+jjz7avW/2xEsvveSe37///e/d7nvMMceEGjdu7D6j1X2fyfr1691j3XTTTZW+T/TeCPvmm29CSUlJoeuuu67MvuqLli1bhv74xz9W61gA1B6GGgKIC/oGXMOrNBxG3xrrcpi+PVZ2R0Pqytu2bZsbAnTVVVeVXpeXl+e+cVfGTMPxOnfubNdcc427PpKG8FxyySXusQYMGOD2VSZBNIfnwAMPdN8YN2rUyA2Pe+mllzwzUb///e+tTZs27htxDQ/S0B+v4UG6/txzz3XDh/RYeszHH398t6+Nvkl/5JFHXObI65v6pKQk9/zD2a4ffvjBfve737lhTzp2PYdf/vKXLjsWSa/rLbfc4rISeg2138iRI9039ZEWLlzo+kR9oP1+9rOf2WuvvWZ7Qo/13HPPueGHGlYVqar9V96mTZvc6zBo0CBr0qSJG3alYXvKsEVmCJSl0FBHr9dZr+Wdd95ZpeegzIIyOXqNlWGInD+jIaF6D3z++ecVbqfshx5H74dolAUcPHiw68ddu3a5YabKWOjx9NpUtV+q8pqEhwXqeNUnyrZ07NjRMjIy3OcrmldffdUNM9T9RvrjH//ojknvbWVgyhs7dqwdc8wxpZezs7Nt3Lhx7nOh5zFkyJAKWbTw8emn15y7J598svQ6ZZl0TMrsKMOjz+UZZ5zhhugqU6XPR3j4qzLs1RW+zZYtW6q0b25uruXn59foMXZHv5P23Xdf18L69u1rhx12mMuER1Jf6DX4z3/+U61jAVB7GGoIIC4o+NFQOs0FOe200+xvf/ubffrpp+6EQicMJ5xwgpsbogBE+0Se/OmEXEOBRPNeFPzMmjXLzj//fOvXr5999dVX7iT522+/dftHmjFjhjtBUQCm4Cl8wnP//fe7+9EJm06adEKq4OWNN95wwWHkSZ5uf9ZZZ7m5IO+++26Z7WGar6Pt4WBPc0b+97//uRNOndxWNvRJ+xUWFrrHqAq9bh9++KF7TRSM6eRUr6dOujSvSifUosBQQcZvf/tbNx9Fx6G5YnPnznVBnixYsMDN39GJ+B/+8AcXtOj5Hn/88fbyyy+7fqkpDclSwDJz5kz32AoKqtt/kTSvRdvVT927d3evud4vegw97w4dOrgTch3z888/bxMnTnQBUNi///1vNxxSfb47//znPy0nJ8cuvvhiFxjp/XLooYe6Y1UAoYBI2/S+1nCxSLpOfaHXNBoFpI8++qgL/m+77TY3P0r9oi8G1H9V7ZeqvCaR9Fj6fClY0+cq8rNWPmjX++yiiy4qc/3ixYtdQKgvGBTw7I6+uNBroaHF+lzoGF988UX3uVJg4xUgV4U+Lwrw9EWCvkTRa6ahexqSpwBb7ycpHzR60XtCwyR1n3p+er31vtFxez2fHTt2uABfvwsUgA8fPtwF57VNn5V58+a517o8fZ7feust9x6N7Ad9gaTAK/x5A1DHajF7BgA18tlnn7nhMtOmTXOXi4uLQ506dQpddtllpftoyJX2KT9E6aijjgr16NGj9PK//vUvNxzr/fffL7Pfww8/7G7/wQcflF6ny9p3wYIFFY4pNze3wjCdgQMHhg499NDS6+bMmePu4/LLLy+z769//esKw4PGjRsXat++vRtiF+nUU08NNW/evMLjRbriiivc/X3++edR96ns2GX27NnuPv75z3+WXjdkyBA39Koyhx12WGjQoEGhXbt2lV6n/jnwwANDvXr1qvFQwzD1sfb58ssvq91/5Yca6hjLD43TkK20tLTQrbfeWuG99L///a/MvoMHDw4dfPDBVRpqqCF2K1euLL3+448/dterr8JOO+20UIcOHcoc09y5c91+TzzxRKgqLrnkklBKSkqoSZMm7v6q2y9VfU1mzpzpjkufpcrei2FLlixx+z/wwANlrv/Pf/4TdUisl/vuu8/t//TTT5f5rGkYqp7ztm3byhyffpZ/LuVfT70ndN0f/vCHCo9Xk6GGa9ascfcXbvrd9Pzzz3vue+edd5bZV/20fPnyUE1VNtQwvC2yH8Meeught23hwoVlrn/22Wfd9Xq/Aqh7DDUEEHPKAChLoEnioqzQKaec4rJMGmIlyiYoI6VMRdjmzZvdsDjtG6Zvy5Ul0XAbTXgPN91elF2JpG/+VfGrvMhvqPU4+qZ81KhRLusQFh6WqOFgkS699NIylxV/KAuhim76f+Rx6Vt53Xfk/ZYXHu5VlQxC+WNXZkLf1mvYnqqeRT6OLitzom/xvWiYmjKCqpimb87Dx6z703HrdpUNl6uKcMZB91+T/oukYYnhghN63+g4df8achn5vA8//HCX6YkczqphgsoeqDJdVSizFJmxUoZBw+5UPCJMBUVU7S7ymPWY6h8VmKgKDcPUsEw9r3CWpjr9UtXXJOycc86pUnZG9yMaHrwn71W9XspEKcsdpgy3hu+Gs0Y1VT4bV1MaNqnfM6+//rorGKLfQzo2L3oe2ldFPMLFQ5QF80P4ftXH5WnIptdjh/tL7xcAdY+hhgBiSieDCrAUdC1btqz0ep3E3nvvvTZ9+nQbM2aMG3qlk1Wd0GgIlE42NPRQgUVk4KWTTlUe01A+L5pPEklDm7xoSOGf/vQnVxkscm6RgsIwzRXRSW35+yhfjVHV3zRsSkPH1KpyXJHCQ4LCwcnu6GRLQwg1zEkn4JHlrBXkhekkUqWne/fu7aroHXHEEW44o+YWiYZ/6baas6MW7bgrGzK3O+ET2PCJenX7r/zQKw35U1VAvZfCQbtEVndTn2k4oYZfav6NhqEpINLJqobkVYXmxZWn1zFyXo2Ga6r0u+5bc250fBrOqNe8qoGJ+l5Bkk6U9eVEdfulqq/J7j4P0ZQvlV7d96o+Q3oty1doVPAd3l4T+n1RWxU+NdxSwbpobpr6UsM8Nfwzcq6aaA6eWjgI03BZ3VaVDWt7uGH4/rzmPmr4a+Q+5fsr8vcYgLpD4AUgpvTN/Zo1a1zwpVaeTloVeInmLGl+iuY8KeOgk1xlRjQZP0wnmiokoPk7XlSoIZLXydD777/v5hmpbLtOWHXyrG/hFciUL+9dFeH1lpRNUUbBSzjY8aLnKJo/pNLWu6OMm45V88Y0v6R58+buREuvX+TaT3p+KkCgOR+aD/LYY4+5rMrDDz/s5n2F99V8H2VSvOxpyX9lmjRfJnzCX93+K1+0QoGI5rxorpIyFTqh1+tQfs0rZaPuueceN/9JJ8jqV51E67WqLXpeynqo/LjeR1pkOLze056oTr9U5zWRqgYH4aBN2eBo79XaFC1QiAwkI0Vm+mqb5t2FA+rygVd5muun/n/vvfei9lVNhdfy0+/P8sLXlZ/DF+4vZe0A1D0CLwAxpZMXfXP80EMPVdimjNYrr7ziAgGdECpQ0AmPhhtq0ryCtuuvv77MbbQ+jSq26Vvpmn6rq2GByn5o/ZzIYTwKZiLpm22dvCqTEJkBUUYikrI3ynDoJDH8zXl1qAqdTuKffvrpKhXYUKUzBXjKGEZ+A+5VhS1cLVJN2Se9xiq6ocCrR48ebh8FnTU57t3RumMaSqbgMJwB2pP+0/NW5vQf//hHmev1vMufaCrDp6IXev8pM6JjeeCBB6r8WF7DM1X8o3w1OgV46gcNU9MXBnov7OkJeHX6pTqvSXULo+gzGZmlDmf9lKFTMK9M2+6KV+gzpCGe+hxFBkoq0BHeHjlErvx7uLoZsdrK9OjzFJk9jiY81K8q+1aXXi99SeG1ePrHH3/s3iflM6vqL91O/QSg7jHHC0DM6KREwZW+NdY3w+WbqpxpyFK4RLZOGHS9TmL/9a9/uSpjkcMMRfNeNLxO3zJHqzi2OwpydIIW+W26KgOWr6gXPoFWNiNS+RN43Z+GSSqgiyw5HjkUsTLK8px33nkuK+UVHOikVSf3qtYWfrzyQ8B0u/LZgfA8nTCdJCtTEh66pIBYlduUZfT6Vn13x10ZzVNSpknHFBk870n/eT1vzRmLNg9NQaxe0/vuu89lcBTgVpXeC5H3q0W/dbJb/j6UyVRTNlH9r6yjhsHtier0S3Vfk6pS0Kfy9V4n/VqiQO8tBe/6jJan11xDeUXl3teuXVtm7qZuo/er3o+agxkOwPRclDmKVP6ztzuq/ljVIEjvNQ1FLU/9qMyRnv/uPgsKePW7ZOjQoeYH/T5UdcnIftCwRn0p5TVsVgtCaxmL2szsAqg6Ml4AYkYBlQIrDevzovLryhAoKxEOsPRTJ2Vay0jf9obngkSeTGsIotY8UlEDzcXQyb2+Qdf1ymJFnjB5UTl4DXXTnCcNFdN8GWXkFJTo2/nI0swKqHTirhPNcDl5ZT7Kf7t+1113uePR3DUFUSrooeBDBQ7efvtt9//KKLDSsEAVHQgHq8oCKFOjE2k9v3BJfW1TYKqTKz3O7Nmz3WOUn9OjbTqB1/NQ5ksnb8qQKOAN0/NWdlGvtY5b36KrJLnuU4Fe+fWgvOj1ULZOAYCKL+g2OmZl2MKvc230n5635q0pe6fhYBrupvdOOENUnvpW64Mpq6pCDF5rTkWj94JeF91OgWo4eNP9laesV3iduT0dZljdfqnua1IdmqumoLl8aXJ9RvU4KgyidcwUYCtw0mdEBWk0bzM8ZFdzoBRAqny8ggJlDPUe1LBMvabhjI3eywok9NnX50qZUQVvlc3586L3uoI8rZOmpSoU3KnoTbSspjKKej4aQqkvfvQZ0XtZxxlZ6l7PVces97Kygfo8K0BTUKShv9UdkqvPr7J54cBPAafmnIY/I+FMoAr76EsK/c7Se0zvYX2mNB/wyiuvLHOfmg+r30/liwEBqEMxqKQIAM6xxx4bSk9PD+3YsSPqPirNrnLa4TLsKpnduXNnVxL5T3/6k+dtVI56woQJoQEDBriy2S1btgwNGzYsdMstt4S2bt1apVLn//jHP1xZbt2+b9++rly1SjqX/7WpY9d9tGrVypW/Pv7440OLFi1y+911111l9l23bp3bV8ev55SVleXKTT/66KNVer0KCwtDjz32WGjUqFGuBL3uQ6Wxf/Ob35QpNb9582Z3XZs2bdwxjR071pWVLl9+Xa/ffvvtF2rRooUrj67nefvtt7vXL9LSpUtDZ599tjtePWbHjh1DxxxzTOill17a7TFHltZWmXg91j777OPKyHuV8a9O/3mVk7/yyitd2X49nxEjRrgy+ioRH61MvJYj0LF9+OGHoaoIly+/5557Qvfee6/rSx2j+iRcEt+rHHlSUlKod+/eoZrQseu1KK8q/VLV1yRcrv3FF1+s8nHp/ZycnOyWAPAyffr00C9+8YtQ27Zt3X6ZmZnuM6+S8+XvJ/x+TU1NdWXyvcrtq3z6SSedFMrIyHDviQsuuCA0f/58z3LyjRs39jym7du3h04//XT3PtTtKistr8c7//zz3edC96dj0+8ELR+hbZHeeust99pr+QD1RdOmTd1rrePS76zqUt9EfnYiW/mS+itWrAidfPLJoWbNmrnPu45j8eLFFe5Tyyfo9l7bANSNBP1Tl4EeAASdKiFq/pC+Ga/KYryIHS00rOxM+Xl5tUkVCTU38cYbb4xahbC+0gLgymiqIA3imwoSKVuoDC+A2GCOFwDsAa81ejRESsOSVKgC8Uvzo958880qFSzZE08++aQbLun348SChvxqOJ2G2SF+aYkGDc1UZUsAscMcLwDYA3fffbebm6LKcSqaoMp1apq7Ulnpc8SOKrspUFDBC82JueCCC3x5HBU4+Prrr938H2Ubylc8DALNZwqvGYXdf0mzu8IemmupdcNqm+bCehU6AVC3CLwAYA+oYMG0adPcN8kqFqETUZVjL1/mHvFDBQZUbEJ99dRTT1lWVpYvj6OiFh9++KErEFKdUvUIJhX10PuuMiooo4I3AIKJOV4AAAB1MLR1wYIFu626GF6zDEDwEHgBAAAAgM8orgEAAAAAPmOOVzUVFxfb6tWr3aKOkYujAgAAAGhYQqGQ5eTkWIcOHVxF48oQeFWTgi4qlQEAAAAIW7FihXXq1MkqQ+BVTcp0hV/cZs2axTz7tn79esvMzNxthI36g34NHvo0mOjX4KFPg4l+DZ7iOOrTbdu2uaRMOEaoDIFXNYWHFyroiofAS+un6Dhi/aZD7aFfg4c+DSb6NXjo02CiX4OnOA77tCpTkOLjSAEAAAAgwAi8AAAAAMBnBF4AAAAA0BACrzvvvNP23XdfNymtbdu2dvzxx9uiRYvK7HPIIYe4sZOR7cILLyyzz/Lly+3oo4+2jIwMdz9XX321FRYWltnnnXfesaFDh1paWpr17NnTnnzyyTp5jgAAAAAarrgIvN599127+OKL7aOPPrJp06ZZQUGBjRkzxnbs2FFmv/POO8/WrFlT2u6+++7SbUVFRS7oys/Ptw8//NCeeuopF1TdeOONpfssW7bM7TN69Gj74osv7PLLL7ff/va3NnXq1Dp9vgAAAAAalrioajhlypQylxUwKWM1Z84cO+igg0qvVyYrKyvL8z7eeust+/rrr+3tt9+2du3a2d5772233XabXXvttXbzzTdbamqqPfzww9a9e3e799573W369etns2bNskmTJtnYsWN9fpYAAAAAGqq4CLzK27p1q/vZqlWrMtc/88wz9vTTT7vg69hjj7U//vGPLhiT2bNn26BBg1zQFaZg6qKLLrIFCxbYPvvs4/Y5/PDDy9yn9lHmK5q8vDzXImv1h8tYqsWSHl+rZcf6OFC76NfgoU+DiX4NHvo0mOjX4CmOoz6tzjHEXeClg1cgNGLECBs4cGDp9aeffrp17drVOnToYPPmzXOZLM0Dmzx5stu+du3aMkGXhC9rW2X7KJjauXOnNWrUyHP+2S233FLhei3apvUDYv1aKUjVGy9e1jDAnqNfg4c+DSb6NXjo02CiX4OnOI76NCcnp/4GXprrNX/+fDcEMNL5559f+n9lttq3b2+HHXaYLV261Pbaay/fjue6666z8ePHV1idWitlx8MCyioyEg+rdqP20K/BQ58GE/0aPPRpMNGvwVMcR32anp5ePwOvSy65xN544w177733rFOnTpXuu//++7ufS5YscYGXhh9+8sknZfZZt26d+xmeF6af4esi91EA5ZXtElU/VCtPnRzrjha96eLlWFB76NfgoU+DiX4NHvo0mOjX4EmIkz6tzuPHxbtPaUIFXa+88orNmDHDFcDYHVUlFGW+ZPjw4fbVV19ZdnZ26T6qkKigqn///qX7TJ8+vcz9aB9dDwAAAAB+SYyX4YUqmvHss8+6tbw0F0tN865EwwlVoVBVDr///nt77bXX7Oyzz3YVDwcPHuz2Ufl5BVhnnXWWffnll65E/A033ODuO5yx0rpf3333nV1zzTW2cOFC++tf/2ovvPCCXXHFFTF9/gAAAACCLS4Cr7/97W9ugpwWSVYGK9yef/55t12l4FUmXsFV37597corr7STTjrJXn/99dL7SEpKcsMU9VMZrDPPPNMFZ7feemvpPsqkvfnmmy7LNWTIEFdW/rHHHqOUfBT5hcW2dWeB+wkAAACg5pLjZahhZVTMQoss746qHv73v/+tdB8Fd59//nm1j7EhWbwux6YsWGvvf7vB8ouKLTUp0Ub1bmNHDsyynm2bxvrwAAAAgHonLgIvxI+ZC7PtgRmLbXNugTVNS7bU5ETbVVBkk+euctsuPayXje7TNtaHCQAAANQrBF4ok+lS0JWbX2TdW2e4ajFhbZqk2uqtu+yB6Yutc8tGZL4AAACA+jbHC/FBwwuV6erQPL1M0CW6rOu1feqCsiX5AQAAAFSOwAuOCmhoTpeGF5YPusJ0vba/u2g9BTcAAACAaiDwgrOzoKikkEZy5W8Jbdd+2h8AAABA1RB4wWmUkuSqF+4uk6Xt2k/7AwAAAKgaAi+UZrJUMj4nrzBqeX9dr+0H98ncbWYMAAAAwE84e0apIwZkWcuMFFe9sHzwpcu6XtvHDmgXs2MEAAAA6iMCL5Tq1a6pW6crIzXJlm3MtfU5ebZ1Z4H7qcu6XtspJQ8AAABUD+t4oQwtjqx1ulQy3lUvLCq29JQkGzswy2W6CLoAAACA6iPwQgUKrtTOG9XDVS90hTeY0wUAAADUGIEXolKwRcAFAAAA7DnOqgEAAADAZwReAAAAAOAzAi8AAAAA8BmBFwAAAAD4jMALAAAAAHxG4AUAAAAAPiPwAgAAAACfEXgBAAAAgM8IvAAAAADAZwReAAAAAOAzAi8AAAAA8BmBFwAAAAD4jMALAAAAAHxG4AUAAAAAPiPwAgAAAACfEXgBAAAAgM8IvAAAAADAZwReAAAAAOAzAi8AAAAA8BmBFwAAAAD4jMALAAAAAHxG4AUAAAAAPiPwAgAAAACfEXgBAAAAgM8IvAAAAADAZwReAAAAAOAzAi8AAAAA8BmBFwAAAAD4jMALAAAAAHxG4AUAAAAAPiPwAgAAAACfEXgBAAAAgM8IvAAAAADAZwReAAAAAOAzAi8AAAAA8BmBFwAAAAD4jMALAAAAAHxG4AUAAAAAPiPwAgAAAACfEXgBAAAAgM8IvAAAAADAZwReAAAAAOAzAi8AAAAA8BmBFwAAAAD4jMALAAAAAHxG4AUAAAAAPiPwAgAAAACfEXgBAAAAgM8IvAAAAACgIQRed955p+27777WtGlTa9u2rR1//PG2aNGiMvvs2rXLLr74YmvdurU1adLETjrpJFu3bl2ZfZYvX25HH320ZWRkuPu5+uqrrbCwsMw+77zzjg0dOtTS0tKsZ8+e9uSTT9bJcwQAAADQcMVF4PXuu++6oOqjjz6yadOmWUFBgY0ZM8Z27NhRus8VV1xhr7/+ur344otu/9WrV9uJJ55Yur2oqMgFXfn5+fbhhx/aU0895YKqG2+8sXSfZcuWuX1Gjx5tX3zxhV1++eX229/+1qZOnVrnzxkAAABAw5EQCoVCFmfWr1/vMlYKsA466CDbunWrZWZm2rPPPmsnn3yy22fhwoXWr18/mz17th1wwAH2v//9z4455hgXkLVr187t8/DDD9u1117r7i81NdX9/80337T58+eXPtapp55qW7ZssSlTplTp2LZt22bNmzd3x9SsWTOLpeLiYsvOznavVWJiXMTQqAX0a/DQp8FEvwYPfRpM9GvwFMdRn1YnNki2OKQDl1atWrmfc+bMcVmwww8/vHSfvn37WpcuXUoDL/0cNGhQadAlY8eOtYsuusgWLFhg++yzj9sn8j7C+yjzFU1eXp5rkS9uuMPVYkmPr7g51seB2kW/Bg99Gkz0a/DQp8FEvwZPPPVpdY4h7gIvHbwCoREjRtjAgQPddWvXrnUZqxYtWpTZV0GWtoX3iQy6wtvD2yrbR8HUzp07rVGjRp7zz2655ZYK1yuLpnlnsX6tFKTqjRfraB+1h34NHvo0mOjX4KFPg4l+DZ7iOOrTnJyc+ht4aa6XhgLOmjXL4sF1111n48ePL72sIK1z585u6GM8DDVMSEhwxxLrNx1qD/0aPPRpMNGvwUOfBhP9GjzFcdSn6enp9TPwuuSSS+yNN96w9957zzp16lR6fVZWliuaoblYkVkvVTXUtvA+n3zySZn7C1c9jNynfCVEXVYA5ZXtElU/VCtPnRzrjha96eLlWFB76NfgoU+DiX4NHvo0mOjX4EmIkz6tzuPHxbtPaUIFXa+88orNmDHDunfvXmb7sGHDLCUlxaZPn156ncrNq3z88OHD3WX9/Oqrr9xEuzBVSFRQ1b9//9J9Iu8jvE/4PgAAAADAD8nxMrxQFQv/85//uLW8wnOyVCFEmSj9HDdunBvyp4IbCqYuvfRSFzCpsIao/LwCrLPOOsvuvvtudx833HCDu+9wxurCCy+0Bx980K655ho799xzXZD3wgsvuEqHAAAAAOCXuMh4/e1vf3MT5A455BBr3759aXv++edL95k0aZIrF6+Fk1ViXsMGJ0+eXLo9KSnJDVPUTwVkZ555pp199tl26623lu6jTJqCLGW5hgwZYvfee6899thjrrIhAAAAAAQ641WVpcQ0ce2hhx5yLZquXbvaf//730rvR8Hd559/XqPjBAAAAIB6m/ECAAAAgCAj8AIAAAAAnxF4AQAAAIDPCLwAAAAAwGcEXgAAAADgMwIvAAAAAPAZgRcAAAAA+IzACwAAAAB8RuAFAAAAAD4j8AIAAAAAnxF4AQAAAIDPCLwAAAAAwGcEXgAAAADgMwIvAAAAAPAZgRcAAAAA+IzACwAAAAB8RuAFAAAAAD4j8AIAAAAAnxF4AQAAAIDPCLwAAAAAwGcEXgAAAADgMwIvAAAAAPAZgRcAAAAA+IzACwAAAAB8RuAFAAAAAD4j8AIAAAAAnxF4AQAAAIDPCLwAAAAAwGcEXgAAAADgMwIvAAAAAPAZgRcAAAAA+IzACwAAAAB8RuAFAAAAAD4j8AIAAAAAnxF4AQAAAIDPCLwA1Jr8wmLburPA/QQAAMBPkiP+DwA1snhdjk1ZsNbe/3aD5RcVW2pSoo3q3caOHJhlPds2jfXhAQAAxByBF4A9MnNhtj0wY7Ftzi2wpmnJlpqcaLsKimzy3FVu26WH9bLRfdrG+jABAABiisALwB5luhR05eYXWffWGZaQkFC6rU2TVFu9dZc9MH2xdW7ZiMwXAABo0JjjBaDGNLxQma4OzdPLBF2iy7pe26cuWBezYwQAAIgHBF4AakQFNDSnS8MLywddYbpe299dtJ6CGwAAoEEj8AJQIzsLikoKaSRX/mtE27Wf9gcAAGioCLwA1EijlCRXvXB3mSxt137aHwAAoKEi8AJQI8pkqWR8Tl6hhUIhz310vbYf3Cdzt5kxAACAIONMCECNHTEgy1pmpLjqheWDL13W9do+dkC7mB0jAABAPCDwAlBjvdo1det0ZaQm2bKNubY+J8+27ixwP3VZ12s7peQBAEBDxzpeAPaIFkfWOl0qGe+qFxYVW3pKko0dmOUyXQRdAAAABF4AaoGCK7XzRvVw1Qtd4Q3mdAEAAJQi8AJQaxRsEXABAABUxBkSAAAAAPiMwAsAAAAAfEbgBQAAAAA+I/ACAAAAAJ8ReAEAAACAzwi8AAAAAMBnBF4AAAAA4DMCLwAAAADwGYEXAAAAAPiMwAsAAAAAfEbgBQAAAAA+I/ACAAAAgIYSeL333nt27LHHWocOHSwhIcFeffXVMtt//etfu+sj2xFHHFFmn02bNtkZZ5xhzZo1sxYtWti4ceNs+/btZfaZN2+ejRo1ytLT061z5852991318nzAwAAANBwxU3gtWPHDhsyZIg99NBDUfdRoLVmzZrS9u9//7vMdgVdCxYssGnTptkbb7zhgrnzzz+/dPu2bdtszJgx1rVrV5szZ47dc889dvPNN9ujjz7q63MDAAAA0LAlW5w48sgjXatMWlqaZWVleW775ptvbMqUKfbpp5/az372M3fdAw88YEcddZT9+c9/dpm0Z555xvLz8+3xxx+31NRUGzBggH3xxRc2ceLEMgEaANSm/MJi25FX6H6mp8bN910AAKAhBl5V8c4771jbtm2tZcuWduihh9qf/vQna926tds2e/ZsN7wwHHTJ4YcfbomJifbxxx/bCSec4PY56KCDXNAVNnbsWJswYYJt3rzZ3W95eXl5rkVmzaS4uNi1WNLjh0KhmB8Hahf9GhxLsnNs6oJ19sHi9dY2ZZdlF/xgI3pl2hED29lemU1jfXjYQ3xWg4c+DSb6NXiK46hPq3MM9Sbw0jDDE0880bp3725Lly61//u//3MZMgVTSUlJtnbtWheURUpOTrZWrVq5baKfun2kdu3alW7zCrzuvPNOu+WWWypcv379etu1a5fFuqO3bt3q3ngKMBEM9GswzFu5xd6Yt9q25xVZm5REy0wtsuLQLvv82x9s8Q8r7ZjBHWxwpxaxPkzsAT6rwUOfBhP9GjzFcdSnOTk5wQu8Tj311NL/Dxo0yAYPHmx77bWXy4Iddthhvj3uddddZ+PHjy+T8VJRjszMTFfEI9ZvOhUZ0bHE+k2H2kO/xoaGAe4sKLJGKUmWmpy4x5muRz5ZYrn5SdaheWPLSzDbmZhneclplpBktnjrLnvkkw12V+f2ZL7qMT6rwUOfBhP9GjzFcdSnKtgXuMCrvB49elibNm1syZIlLvDS3K/s7Owy+xQWFrpKh+F5Yfq5bt26MvuEL0ebO6Z5ZWrlqZNj3dGiN128HAtqD/1adxavy7EpC9ba+99usPyiYktNSrRRvdvYkQOzrGfbmgVFU7/Otk25hda9dYY600IWUq9ayBLc5fbNG9myjbn21tfr7eLRzWv9OaHu8FkNHvo0mOjX4EmIkz6tzuNXO/DSfCfNmfrhhx8sNzfXRZr77LNPhSF8flu5cqVt3LjR2rdv7y4PHz7ctmzZ4qoVDhs2zF03Y8YMFxHvv//+pftcf/31VlBQYCkpKe46VUDs06eP5zBDAME2c2G2PTBjsW3OLbCmacku07WroMgmz13ltl16WC8b3afsEOaqZM4UxOn+9EfBi67X9ncXrbfzRvXY4wwbAACIf1UOvD744AO7//777fXXX3eBS/Pmza1Ro0Yuo6RgTBkoVQa88MILrWnT6n9LrPW2lL0KW7Zsmas4qDlaappnddJJJ7nMlOZ4XXPNNdazZ09XHEP69evn5oGdd9559vDDD7tjvOSSS9wQRVU0lNNPP93dj9b3uvbaa23+/PnuOU2aNKnaxwug/me6FHTl5he5zFRkkNSmSaqt3rrLHpi+2Dq3bFStzJeGK7rM2W6CKW3XftqfwAsAgOCr0l/74447zk455RTr1q2bvfXWW24SmbJNyjop67V48WK74YYbbPr06da7d2+XRaquzz77zGXO1ETzqvT/G2+80RXP0MLHOg7dvwInZbXef//9MsMAVS6+b9++buihysiPHDmyzBpdChZ1/ArqdPsrr7zS3T+l5IGGR8MLlenq0Dy9QmZKl3W9tqsqYXW4OWJJiS7zVRlt137aHwAABF+VMl5HH320vfzyy6XD88pTtkvtnHPOsa+//totblxdhxxyiKtMEs3UqVN3ex/KjD377LOV7qOiHArYADRcfg4H1H6aI6bhisqced2/ftfl5BXa2IFZZLsAAGggqvQX/4ILLogadJXXv39/X6sMAsCeqslwwOo4YkCWtcxIccMVy3+hpMu6XtvHDihZzgIAAARftb9qXbFihRtiGPbJJ5/Y5ZdfXmZIHwDEM7+HA/Zq19QV5shITXLVC9fn5FluXqH7qcu6XttrWjURAAA0gMBLBSpmzpxZuujwz3/+cxd8qVrgrbfe6scxAkCtCg8H1HC/aEOcw8MBD+6TWaPhgKqGePfJg+3kYZ0sPSXJikIh91OXdX11qyUCAID6rdrl5FUJcL/99nP/f+GFF2zgwIGu4qGKVqiioYpVAEC803BAlYzXsL/yBTZqazigMlpq40Z0s1Vr1lrH9lmWnlpvl08EAAB7oNpf46pMe7iS4Ntvv+0qDYqqCdakqAYAxILXcMCtOwt8GQ6ojFnjH9cJAwAADVO1v3odMGCAWydLlQ5VNv62225z169evdpat27txzECgC803E/rdKlkvKoXqpCGhgOq2qAyXczBAgAAMQu8JkyYYCeccILdc889rnz8kCFD3PWvvfZa6RBEAKgvwsMBVTJe1Qtd4Q0yUwAAINaBl9bb2rBhg23bts1atmxZer0WIc7IyKjt4wOAOqFgi4ALAAD4pdpnGTfddJMrJx8ZdEm3bt2sbVuqdAEAAADAHgde//nPf2yvvfZyiyQ/++yzlpeXV927AAAAAIAGpdqB1xdffGGffvqpK7Jx2WWXWVZWll100UXuOgAAAABARTWa0LDPPvvYX/7yF1fJ8B//+IcbejhixAgbPHiw3X///bZ169aa3C0AAAAABNIezSTXIqNa1ys/P9/9X/O+HnzwQevcubM9//zztXeUAAAAANDQAq85c+bYJZdcYu3bt7crrrjCZcC++eYbe/fdd23x4sV2++232+9///vaP1oAQKDkFxa7hav1EwCAIKt2OflBgwbZwoULbcyYMW6Y4bHHHmtJSUll9jnttNPc/C8AALwsXpdjUxastfe/3eAWrk5NSrRRvdvYkQOzWLgaABBI1Q68fvWrX9m5555rHTt2jLpPmzZtrLiYby8BABXNXJhtD8xYbJtzC6xpWrJbP21XQZFNnrvKbbv0sF42ug/LkwAAGnjg9cc//tGfIwEANIhMl4Ku3Pwi6946wxISEkq3tWmSaqu37rIHpi+2zi0bkfkCADTswEtUxfC1116z5cuXu8IakSZOnFhbxwYACBgNL1Smq3zQJbrcoXm6LduYa1MXrCPwAgA07MBr+vTpdtxxx1mPHj3cXK+BAwfa999/76oaDh061J+jBADUeyqgoTldGl5YPugK0/Xa/u6i9XbeqB5uGCIAAEFQ7b9o1113nV111VX21VdfWXp6ur388su2YsUKO/jgg+2Xv/ylP0cJAKj3dhYUlRTS2E0wpe3aT/sDANBgAy+VjT/77LPd/5OTk23nzp3WpEkTu/XWW23ChAl+HCMAIAAapSS56oW7Kx2v7dpP+wMA0GADr8aNG5fO69I6XkuXLi3dtmHDhto9OgBAYCiTpZLxOXmFbni6F12v7Qf3yWSYIQCgYc/xOuCAA2zWrFnWr18/O+qoo+zKK690ww4nT57stgEAgkPZJw35c9mqWgiEjhiQ5UrGq3qhCmlEzvVS0KXrW2ak2NgB7fb4sQAAqNeBl6oWbt++3f3/lltucf9//vnnrVevXlQ0BICA8GuB417tmrp1ulQyXtULw+t4KcBTpktBl7ZT0RAAYA098FI1w8hhhw8//HBtHxMAIMALHOu2WqdLJeNVvVCBXXpKko0dmOUyXQRdAIAgqnbgpaEgc+bMcSXkNUSke/futs8++0QtDQwAqD/qaoFj3VZNJeNrcygjAACBCLxmzpxp48aNsx9++KF0YnQ4+Hr88cftoIMO8us4ATRwtT3XCPGxwLH6kv4EADQEVQ68lixZYsccc4ztv//+NmnSJOvbt68Lvr7++mv7y1/+4gptzJs3r8xQRACI17lGqIgFjgEAiIPA67777nNVC6dPn17megVgJ5xwgh1++OEuIHvggQf8OE4ADZDfc42w5wscE3gBAFA1Vf6L+c4779jll18e9RtQbdNQRADwY65RZtM0a94oxf3UZV2vuUZLsnNifaiBwQLHAADEQeC1fPlyGzRoUNTtAwcOdHO/AKA25xqVX+spcq6RtmuuEWoHCxwDAOCfKv/V1HpdGRkZUbdrW25ubm0dF4AGrLpzjXaXoUH1FjjWWlqqXlg++GKBYwAA6qiqoQpprF271nPbhg0b9uAwAOAnzDWKHRY4BgAgDgKvww47zHP4ib551vWs5QWgNucaqZBGZRQMaOFd5hrVLhY4BgAghoHXsmXLfHh4AIg+10jVC7Vor9eXOuG5RgoGyHbVPhY4BgAgRoFX165d/T0SACg310gl4zWnqHyBDeYa1R0WOAYAoHYkVrWiYXWsWrWqpscDAGXmGmWkJrm5Rutz8mzrzgL3U5d1PXONAABAoAKvfffd1y644AL79NNPo+6zdetW+/vf/+7Kyr/88su1eYwAGvBco7tPHmwnD+vk5hgVFofcT13W9SyeDAAAAjXUUNUMb7/9dvv5z39u6enpNmzYMOvQoYP7/+bNm932BQsW2NChQ+3uu++2o446yv8jB9AgMNcIAAAEQZXOXlq3bm0TJ060NWvW2IMPPmi9evVy5eMXL17stp9xxhk2Z84cmz17NkEXAF8o2GreKIWgCwAABL+cfKNGjezkk092DQAAAABQNXx1DAAAAAA+I/ACAAAAAJ8ReAEAAACAzwi8AAAAACDeAq8dO3b4cyQAAAAAEFDVDrzatWtn5557rs2aNcufIwIAAACAhh54Pf3007Zp0yY79NBDrXfv3nbXXXfZ6tWr/Tk6AAAAAGiIgdfxxx9vr776qq1atcouvPBCe/bZZ61r1652zDHH2OTJk62wsNCfIwUAAACAhlZcIzMz08aPH2/z5s2ziRMn2ttvv+0WVu7QoYPdeOONlpubW7tHCgAAAAD1VHJNb7hu3Tp76qmn7Mknn7QffvjBBV3jxo2zlStX2oQJE+yjjz6yt956q3aPFgAAAAAaQuCl4YRPPPGETZ061fr372+/+93v7Mwzz7QWLVqU7nPggQdav379avtYUU7CUUdZi1DIEvr0MevRw6x7959+NmkS68MDgEDLLyy2HXmF7md6KquzAABqOfD6zW9+Y6eeeqp98MEHtu+++3ruo+GG119/fXXvGtWhuXRvv23pRUVmXpnFNm1KArBwCwdkal26mKWmxuKoAaDeW7wux6YsWGuzvl1vbVN2WXbBchvZO9OOHJhlPds2jfXhAQCCEnitWbPGMjIyKt2nUaNGdtNNN+3JcWF31q41S0oyU+DlZcOGkvbppxW3JSaadexYMSALt/btS/YBAJQxc2G2PTBjsW3OLbBmaUmWlJpguwqKbPLcVW7bpYf1stF92sb6MAEAQQi8IoOuXbt2WX5+fpntzZo1q50jQ+U6dbLQ9u22ft48a5OTY4k//GC2bNlP7bvvzFTmPxSqeNviYrMVK0rae+9V3J6WZtatW8WALByotWxZJ08RAOIt06WgKze/yLq3zrDEBLOMFLPMxDRr3cRs9dZd9sD0xda5ZSMyXwCAPQ+8duzYYddee6298MILtnHjxgrbi6JlYFD7kpKsWJmrtm29M1R5eWZeAVn4/5s2ed+vbrdoUUnz0ry5d0CmnwrYGjWq3ecJAHFAwwuV6VLQlZCQYGY/fbGlyx2ap9uyjbk2dcE6Ai8AwJ4HXtdcc43NnDnT/va3v9lZZ51lDz30kFvT65FHHnGLKSOOKHPVu3dJ87Jtm3dAFm47d3rfbutWsy++KGlesrK855apdepkllzjYprYQyoCsLOgyBqlJFlqMsNJgep8dt7/doM1TUv+MeiqSNdr+7uL1tt5o3rwGQMAlFHtM+DXX3/d/vnPf9ohhxziCm2MGjXKevbs6RZRfuaZZ+yMM86o7l0iVjQsdMiQklaehihmZ3sHZGrLl0efX6b5Z2qzZ1fcpqCrc+fo88uUvYtyUoM9LwagE8f8omJLTUq0Ub3bUAwAqCJ9YeE+O7sJprRd+2l/Ai8AwB4FXps2bbIeOmH+cT6XLsvIkSPtoosuqu7dIV4p+GnXrqQNH+5dVVFzxMoHZOFAbd067/vV7cL7zphRcbvmEHrNLQs35hDuUTEAfRuvk0GKAQDV47LESSWfncq40vIpSW5/AAD2KPBS0LVs2TLr0qWL9e3b18312m+//VwmLHItLwScMlfhYMhLbq7Z999Hn1+mYY7RbrdgQUnz0rp19PllXbtSJn83xQAih0i1aZJKMQCgivSFhbLE+sJCnx2v4YahUMhy8gpt7MAssl0AgNpZx+vLL7+0gw8+2P7whz/Yscceaw8++KAVFBTYxIkTq3t3CCplrvr3L2lewxg3b44+v0wBW7lqmaVU0EXts88qbtOJULhMvtdQxg4dGlyZ/IrFAH5CMQCgeo4YkOWyxPrCQp+dyI+Ugi5d3zIjxcYOaBfLwwQABCXwuuKKK0r/f/jhh9vChQttzpw5bp7X4MGDa/v4EEQ6W2nVqqQNG+Zd7n7Nmujzy1au9C6Tr+u0Te399ytuVzZMWTGvuWVqOp4AzS+jGABQu3q1a+qG5ipLrC8stI5Xk8aFtn6H2ba8Ihd0aTtfYgAAvOxxeTkV1VDbU++9957dc889LojTIs2vvPKKHX/88WW+TdSizH//+99ty5YtNmLECFdZsVevXqX7aL7ZpZde6oY9JiYm2kknnWT333+/NWnSpHSfefPm2cUXX2yffvqpZWZmuv1VqRFxJLzAs9qoUd7l7lXcI9r8Mo9lDhxl0RYvLmleNH8s2tplKpO/m4XD4w3FAIDap/mQGpqrLPF7i7KtKFTg5nSNGdjeZboIugAAexR4/eUvf7Gq+v3vf281ofXBhgwZYueee66deOKJFbbffffd7jieeuop6969u/3xj3+0sWPH2tdff23p6eluH1VUVNA2bdo0N/RRwyLPP/98e/bZZ932bdu22ZgxY1ym7uGHH7avvvrKPZ7mpmk/1KMy+Qq4I4LuMnJyos8tU9M8Mi+ad/bllyXNiwqNeM0tU1Olxjgrk08xAMAfCq7Uxo3oZqvWrLWO7bMsPTW+Pv8AgPiTEFIqaTcU6FTpzhIS7Dud5O7pQSUklMl46RA7dOhgV155pV111VXuuq1bt1q7du3sySeftFNPPdW++eYb69+/v8tk/exnP3P7TJkyxY466ihbuXKlu70yZNdff72tXbvWUn8swqB5aq+++qobMuklLy/PtTAFb507d7bNmze7qo6xVFxcbOvXr3eZO2X4UAV6u69f/1NA9v33lhCeV/ZjmfwEVV6s7t0mJf1UJr97dwuFF5MOB2YK2qo4jLE2+/WhmUvslc9Xec7xcscdCrkhUycN7WQXHbLXHj0WouOzGkz0a/DQp8FEvwZPcRz1qWKDli1buthkd7FBlb6iUxXDWNLjK1hSpiqsefPmtv/++9vs2bNd4KWfylyFgy7R/uqMjz/+2E444QS3z0EHHVQadImyZhMmTHCBlF608u6880675ZZbKlyvzt61a5fF+k2nTtbJc6zfdPVOtIqMhYWWtGaNJS1fXratWGFJP/xgSVrbzEOC1jRT8KY2c6aVD3FC6elW2KWLFYVb584//b9LFwtFfFBrs19HdEyxxT+ELC8/x1o1LluJTfe/aUe+DWyVaAd2SLbsKM8N8f9ZLSgqdplLDRVNSeJ3QV3hd3Dw0KfBRL8GT3Ec9WmORlpVUY3HRuTn57uAaK+99rJkn4dYKegSZbgi6XJ4m3621eK7EXRcrVq1KrNP+exd+D61zSvwuu6662z8+PEVMl6KsOMh46UT6XiI9gNF1Q+9in7oNd+586fsWDhb9mPmTNclbN3qebuEXbss5dtvXfMSUmGPH7NkoW7drHGbNtZk8GBL0HBGzaHU8Moa0EfieMuwh2YstsVrf1rHSyfpOa4YQLpdfHAvG9I7s0b3j9h+Vpdk57i5RrMW/7Qw9shebeyIge1sr0zmGvmN38HBQ58GE/0aPMVx1KfhKU9VUe2IKTc31xWk0Fwr+fbbb93aXrquY8eObuhekKSlpblWnjo51h0tetPFy7E0CI0bmw0YUNK87K5MfsSw1UgJWohcbc4cly1rXmZjQkkwWFmZfA11jOLQvu2sS6sMd4Ku6oU6QU9LSaYYQD3/rHotjL2zoNgmf77aZi5az8LYdYTfwcFDnwYT/Ro8CXHSp9V5/GoHXsoAaR2vd955x4444ogyw/puvvlmXwKvrKws93PdunXWvn370ut1ee+99y7dp/xQqcLCQlfpMHx7/dRtIoUvh/cB9oiypmpDh3qXyVf21SsoC5fJ1z5e89JWrSpps2ZV3J6SUnmZ/NatS4sBqGS8qhe6whtUMKy3WBgbAID6p9qBlwpRPP/883bAAQeU+WM/YMAAW7p0qflBwwMVGE2fPr000NKQP83duuiii9zl4cOHuzLzKkc/7MdhYjNmzHCpSM0FC++j4hqqeJiik1UzVwGxT58+nsMMgVqlb0SUnVIbMcK73P3y5Va8dKnlzJtnzTZutITwsEYFahs2eN9vQYHZkiUlzUvTpqVBWOqPrUyZfGXxUK+wMDYAAA0g8FJRifJzqcLl4KMt0loV27dvtyURJ46aP/bFF1+4OVpdunSxyy+/3P70pz+5dbvC5eRVqTBc+bBfv34uA3feeee5UvEKri655BJXeEP7yemnn+4KZYwbN86uvfZamz9/vlvna9KkSTU+bqDWqOhLz54uINo5ZIg1bdvWEiLT19u3R1+7TG3HDu/71aTPefNKmhd9nisrk//jlxSIDyyMDQBAAwm8VDXwzTffdHO6JPyH/7HHHnMZpZr67LPPbPTo0aWXwwUtzjnnHFcyXoscK7jTelvKbI0cOdKVi4+c0PbMM8+4YOuwww4rXUA5cg0yVUJ866233ALKyoq1adPGbrzxRtbwQv2ghcAHDSppXsMRlRGLNr/shx9cxUZPGqKr9vHHFbdp7linTt5zy9Q0RHcPvnBB9bEwNgAADSTwuuOOO+zII490CxdrDpUyRvr/hx9+aO+++26ND+SQQw5xJSGjUYB36623uhaNsmPhxZKjGTx4sL3//vs1Pk4gLin4ycwsafvtV3G7yt1rjpjX3DK11au971e3U9Cm9s47Fbfriw+veWXhQK15mTIhqAUsjF11eg2Y0wgAqLeBlzJNGgJ411132aBBg1wGaejQoW6NLF0GEIeUuerSpaQdckjF7SqTr+Aq2lDGLVu871dr2X3zTUnzormTXgGZfqogSDVKsKKEAohRvdvY5LmrXCGNaAtj5+QV2tiBWQ0y4FDxEc2D05DMcJl9vWZHDsxizhsAIGZqtACX1u76+9//XvtHAyA2GjUy69u3pHlR4BVtbpkKgERbTFzl9dXmzvXeXlmZ/I4dKy2T35AdMSDLlZNX9UIV0ii/MLaub5mR4pYLaGi8yuwrO6hAVdsosw8AqDeBl1aJViXA77V4bEKCW8NLc6pivZgwAB+1aGG2zz4lrTyVwNeyDNHK5K9Y4V0mXzTEUe2DDypuU1EPZeiilclv06bBzi/r1a6pCyBUMl7VC8sujF3ogi5tb2jZHcrsAwACE3g9/fTTrniFSrlHUtEKVRI85ZRTavv4AMQ7VV7U+npqBx7oXe5++XLvuWUK1Nav975f3U5LVERbpkLFRqLNLdPPgJfJV9ZGAUTkwtia06XhhQ11YWzK7AMAAhF4zZ07137zm9/YGWecYVdccYX17dvXDWlRYY377rvPzjrrLHfdkCFD/D1iAPWLMld77VXSvKhMfni9Mq/hjNoe7XZffVXSvKjQSLQy+cqkBaBMPgtj/4Qy+wCAwAReDzzwgFszS6XdI6mwxj//+U/Lzc11FQ4ff/xxP44TQFApczVwYEkrT5VON26MPr9MBUGUGfOiTJraJ594Z+l2VyY/cg21OKcAoqEHEZTZBwAEJvD64IMP7K9//WvU7RdeeKH97ne/q63jAoCSOVyay6W2777e5e41Ryza/DJt81qmQnPONPxRzWsZDFVb7NYt+lBGzXlDXKHMPgAgMIHX6tWrrXfv3lG3a9sqrRMEAHVFVQ87dy5pBx1UcbuqLXqVyQ8Haqq46EW3W7iwpHlR4BVtbpkCNsrk1znK7AMAAhN4aShheiUnE2lpabYrWklpAIgF/c7q06ekedm6NfrcMs070/pm0crrf/55SfOiQiORAVnXrpaqNc1UFVLzyyiT7wvK7AMAAlPVcOrUqa6CoZct0RZYBYB4pd9ne+9d0srTEMVwmXyvoYwqk6+hjl7WrClpH37oLiq30iq8LTm58jL5KgrSQMvk7ynK7AMAAhN4nXPOOZVuj1ZJCgDqHf0+U5ENteHDK25XUY+VK73nlqkpaPNSWFhyGzUvKoNfWZl8FSNBVJTZBwDU+8CrONoCqADQEKkcfTgo8rJjR2mZ/OLvvrOdCxZYxrp1lhAOzHJyot9u/vyS5kWFRiork5+aag0dZfYBAPU+4wUAqCJlrgYMKGnFxZaTnW2N2ra1BJWp1zDGTZuizy9TQZD8fO/73bChpH36acVtuu+OHaOXydfcs3pUJn9PUWYfABBPCLwAIBbDGFu3Lmk/+1nF7RphEC6T7zW/TBVko5XJ19wztffeq7g9La3yMvkqAAIAAHxB4AXEGRUC2JFXWLLeUCrf1jdI4QWe1UaNqrg9L69kDbJo88u06LQX3W7RopIWrdhItKBMAVujRrX7PAEAaEAIvIA4sXhdjk1ZsNZmfbve2qbssuyC5Tayd6YdOTCLggComLnq1aukedm2LfraZfoZrUy+yut/8UVJ86JCI9HmlylIVMVGAADgib+SQBzQ2kMPzFhsm3MLrFlakiWlJtiugiK3GKy2qQS2qrUBVdKsmdmQISWtPA1RzM72DsjUlEmLViZ/7dqSNnt2xW0KurSQdbT5ZW3bUiYfANCg1Sjw0ppdL730ki1dutSuvvpqa9Wqlc2dO9fatWtnHTWxG0C1Ml0KunLzi6x76wxLTDDLSDHLTEyz1k3MLfqqdYlUIpvMF/aYgp927UraAQd4l7tXmXyvuWVqCry86HbhfWbMqLg9I8N7GGO4KVgEACDAqh14zZs3zw4//HC3kPL3339v5513ngu8Jk+ebMuXL7d//vOf/hwpEFAaXqhMl4KukrXwfiqaoMsdmqe7xWC1LhGBF3ynzJXmc6mNHl1xe25uaZl8z6GMGuboRbdbsKCkeVGhkWhrl3XtSpl8IMA0p5mlH9AQVDvwGj9+vP3617+2u+++25o2/ekk8KijjrLTTz+9to8PCPwfm/e/3WBN05KjLkCu67Vdi8FqXSL+KCGmlLnq37+keQ1j3Lw5elCmgC1amXwVBFH77LOK2/TZCJfJ9xrK2KFDgyqTDwRtbrP+Dmqx89SkRBvVuw1zmxFY1Q68Pv30U3vkkUcqXK8hhmujDUEB4Enf8Lk/NrsJprRd+2l/Ai/ELQVIrVqVtGHDvMvdr1kTfX6Zhjh6lcnXddqm9v77FbcrG6asmNfcMjUdD/PLgLid26wvF/W3jbnNCLpqB15paWm2zWMoybfffmuZmZm1dVxAg+CGVSSV/LGpjCstn5Lk9gfqrfACz2ojR1bcrmyYintEm1+mhaO96HaLF5c0L5o/Vtn8MmXxAMRsbnPkiI82TVKZ24zAqnbgddxxx9mtt95qL7zwgrusD4vmdl177bV20kkn+XGMQGDpGz4Nq9A3fPpj4zXcMBQKWU5eoY0dmEW2C8GmzFXPniXNS06O9zDGcKCmeWRe9GXhl1+WNC8qNBJtfpkqNVImH/B5bvNPmNuMIKv2X5N7773XTj75ZGvbtq3t3LnTDj74YDfEcPjw4Xb77bf7c5RAgB0xIMsNq9A3fPpjE/k3SEGXrm+ZkWJjB7SL5WECsad5xYMHlzSv4Yjr10dfu0yZNFVe9LJuXUn76KOK25KSfiqTX35+mYY3MoQRqBbmNqMhq3bgpWqG06ZNs1mzZrkKh9u3b7ehQ4e6SocAqq9Xu6ZuLLuGVegbPq3j1aRxoa3fYbYtr8gFXdrOt35AJXQCp7XC1Pbfv+J2BV2rVnnPLVPT3DMvWtNMRUHUZs4ss0mngu3S06OvXabWvLlPTxion5jbjIasxuMnRo4c6RqAPacJxBrLrmEV7y3KtqJQgZvTNWZge5fpIugC9pCGCypDpXbIIRW379xp9sMP3nPL1LZs8bzbhF27zL75pqR5UWEPr4BMgZqOJS2tlp8oEN+Y24yGrNqB11/+8peoaeH09HTr2bOnHXTQQZak4RkAqkzBldq4Ed1s1Zq11rF9lqWnMrcEqBONGpn17VvSvHiUyQ99950VLVliSStWWEJenvftNm0qaXPmeGfpVArfa25ZuEw+f0sRMMxtRkNW7bO6SZMm2fr16y03N9datmzprtu8ebNlZGRYkyZNLDs723r06GEzZ860zhoXD6Ba9Eem8Y+ldQHECf29Uxs6tPSqUHGxbcjOtrZt2lhCdnb0+WUqg69S+l7z0jT8UW3WrIrbU1JKsmLRhjJq0WnmmCEQc5t/eh8ztxlBVu3A64477rBHH33UHnvsMdtrr73cdUuWLLELLrjAzj//fBsxYoSdeuqpdsUVV9hLL73kxzEDABBfZfKVnVIbMcK73P2KFdHnl6koiJeCAv2BLWnRio1UVia/cePafZ6AT3Obw+t4aXihMl3MbUZQVTvwuuGGG+zll18uDbpEwwv//Oc/u3Ly3333nd19992UlgcAIFwmX38zI/5ulrF9e0nxjmjzy7Q9Wnn9efNKmhcVGolSJj+/fUfbaYkl823IriPGc5tVvVCFNDSnS8MLmduMoKp24LVmzRor9CjJq+tUVl46dOhgOfqDAAAAKtekidnAgSXNaziiFo6OtnaZCoJEK5Ov4Y9qH39cYVNyQqLltWxrK9p0sMQe3a3dkH7WelDfnwK0rCyGMaLO5jarZLyqF/JFAIKu2oHX6NGj3bBCDTXcZ5993HWff/65XXTRRXbooYe6y1999ZV11y9uAABQcwp+MjNL2n77eZe7jyyTX34o4+rVnnebGCq2tpvWumbfzjWbUm4Hlcnv1i16mfwWLfx5vmiQFGwRcKEhqHbg9Y9//MPOOussGzZsmKVo4u+P2a7DDjvMbRMV2dBCywAAwEeqetilS0k7+OCK21Xu/ocfbNXcBfbmfz6wVtmrrdu2ddZmwxrL3LDaGu/Y5n2/ut3ChSXNiwqNVFYmX4EbAGDPAq+srCy3gPLChQvt22+/ddf16dPHtcisGAAAiDEFQH362ORViTb5Z62se+uMMhXkGuXmWOb61dZ6/SpL/OEHG5mUY4MLNv2UMVMAFq28vtrcud7bKyuT37EjZfIBNEg1XiSob9++rgEAgPilSnHvf7vBVY4rv2bSzoymtrxrH9fW98mzd1KS7Onf7l8y7EvzyzR3O9r8MlVq9CqTLxriqPbBBxW3abSMMnTRyuS3acP8sjh9HzEPC4hB4LVy5Up77bXXbPny5ZavMrkRJk6cuIeHBAAAaotOllUxbncny66cd1HJybXbV8FP+/Yl7cADvcvdR5bJLz+/TIU9vOh2S5eWtGjFRiork6/tqDOL1+XYlAVrXfDu3kdJJQsgHzkwi8qDgN+B1/Tp0+24445ziyRruOHAgQPt+++/dwveDY1YWBIAAMSey1AkJdqugqLdZjRUzlv7V4kyV8pYqXnZsaOkTL7X2mVq0aofq3z+V1+VNC8qNBKlTL7LpP04/7yh8SMjpUWOH5ix2DbnFpSutaX30eS5q9w2rbWlsvAAfAq8rrvuOrvqqqvslltusaZNm7o1vdq2bWtnnHGGHXHEEdW9OwAA4COdLCtDoZPlNk1SKww3FH15qoVrtYZSrQ0j0wLOAwaUtIoPaLZpU/S1yxSwKTPmRQtOq33yifdi1p06ec8tC5fJ1z4B4ldGSveroCs3v6jC3EC9j1Zv3eUWQNZaXGS+AJ8Cr2+++cb+/e9/l9w4Odl27tzpqhjeeuut9otf/MKVlQcAAPHjiAFZLkOhk+UOzdPLnEQr6NL1LTNS3MK1dUKP37p1Sdt3X+8y+Zoj5jW3LFwmX8FbeZpztnx5SXv33Yrb09IqL5PfvLnVJ35mpBTM6X7LB12iy3ofLduY6xZAJvACfAq8GjduXDqvq3379rZ06VIb8OO3WRu0yCMAAIgrvdo1dSfhylDoZDl8kq7hacp0KejS9rg5gVbVw86dS9pBB1XcnpdXsni019wyNWXTvOh2ixaVNA8JLVpY606dLKFXr7LBmf6vgC2OyuT7mZGqrCBLmK7X9ncXrXcLIFNwA/Ah8DrggANs1qxZ1q9fPzvqqKPsyiuvdAsmT5482W0DAADxR5kPnYQrQ6GTZQ1L05wuDS9Upitugq6qUOaqd++S5mXbtuhzy9R27vS8WcKWLZayZYvZ/Pne96tCI9HK5GuIYx2WyfczI1XjgiwNENUe4WvgpaqF2zXx1czN89L/n3/+eevVqxcVDQEAiGM6AVdThiLQJ4vNmpkNGVLSytMQRVVc9AjKQvq5fLklaKijlzVrStqHH1bclpxceZl8FQWppTL5fmekfCvIEiBUe4TvgVdRUZErJT948ODSYYcPP/xwjR4YAADEhk7CAxlwVYUClXbtStrw4WU2hYqLLXv1amubl+cWlPacX7Zunff9FhaW7KM2fbp3sZHKyuQ3bRo3GamYFWSpJ6j2iDoJvJKSkmzMmDGuwEaLFi1q/KAAAABxSZmrDh3M9trLe3tu7k9l8r2GM2qYY7Ty+hrCGG0YoxaOrqxMfmpqnWak4q4gS5yg2iPqdKih1u367rvvrLt+EQAAADQkGRlm/fuXNK9hjJs3R59fpoDtxwJlFahAmdqnn1bcphL4HTuWBmSpPXrYb3c2ste3pVvKXt1tW4tMC5Urk7+nGal6V5CljlDtEXUaeP3pT39y63jddtttNmzYMDfcMFIzjasGAABoaHQi3qpVSRs2zLvcvVeZ/HCgtmpV9DL5K1aUtPfec1eN+bFJQXKqbWyTZeszO9qGNh1sfZv29m1GprXK6mhHduhecp81mF8WlIIsChZ35BWWZABTaz4skmqPqPPAS5UM5bjjjquQdtZlzQMDAABAlAWe1UaN8i53rzXIvOaWqW3c6Hm3KYX5lrV2uWsVTLCS9cm85pWFy+Q3ahTIgizhAhizvl1vbVN2WXbBchvZO7PGBTCo9og6D7xmzpy5xw8KAAAAjzL5WkNMzYvmj4Xnl/0YkO1YuNh2LV5qjVevsPT8Xd6327rV7IsvSpqXrKzKy+QnlwwzrE9BRGQBjGZpSZaUmrDHBTDqutojpeqDp9qB18EHH+zPkQAAACA6TedQZekfq0tL4x9bfkGRbVu91hqt+MFSVpSryKimKo3RRiWtXVvSZs/2Ljaihayjlclv27bWyuT7VQAjMcEsI8UsMzHNWjexGhfAqKtqj5SqD65qB17y/vvv2yOPPOKKbLz44ovWsWNH+9e//uUKbowcObL2jxIAAABRpSor0rWjmZod6F3ufuXK6PPLFHh50e3C+82Y4V1spLIy+TGY+1+xAEao1gpg+F3tkVL1wVbtwOvll1+2s846y8444wybO3eu5Wk8sstib7U77rjD/vvf//pxnAAAAKgpZa40n0tt9OiK23fuLFsmv/z8Mg1XjFZef8GCkualdevoZfK7di1TJr82+F0Aw89qj5SqD74aVTXUoslnn322Pffcc6XXjxgxwm0DAABAPaMCG/36lTQv4TL5XqXyFbD9+EV8BSoIovbZZxW3KbCIKJNfYSij1lMrVyY/Hgpg+FXtsa5L1TOHrB4EXosWLbKDDjqowvXNmze3LVu21NZxAQAAIF60bFnShg71LnevoYpea5epqQy+V5l8Xafhj2rvv19xu7Jhyop5zS1TU9n+cgFKXRXAqO1qj3VZqp45ZPUo8MrKyrIlS5ZYN6WqI8yaNct66IMBAACAhkNZKWWn1Lzm+mvR6PJl8iMzZ1o42otut3hxSfOi+WPlgrHU7t3tF6mJ9q9NiRbysQBGWG1Ve6yrUvXMIatngdd5551nl112mT3++OPuzbx69WqbPXu2W1T5j3/8oz9HCQAAgPpJmauePUual5ycsvPLymfOduyIXl7/yy9LWoQzfmybmrayTW072MY2HSy3XTtb3qqzrcvsaAvSWlvrtiXDAuNFXWTqmENWDwOvP/zhD1ZcXGyHHXaY5ebmumGHaWlpLvC69NJL/TlKAAAABFPTpmaDBpU0r+GIyoh5BWThMvmqvOihVc4m13ounV9hW3FSkiVO7Bx9flm7dnVaJr8uStXX9Rwy1ELgpY65/vrr7eqrr3ZDDrdv3279+/e3Jk2aVPeuAAAAgOgUIGRmlrT99qu4XWuTRSmTX7hkqSWv8y6Tn6jbKcumNnOmd7ERTauJNr+sefNaf6p+lqqvyzlkqMXA6+mnn7YTTzzRMjIyXMAFAAAAxERSUkkBDrVDDql4krtzp+UtXmqb5n5ubbZtsZQVy8tmzqIVhlN5/W++KWleVNjDKyBToKZjSUur9lPxs1R9Xc0hQy0HXldccYVdeOGFdtxxx9mZZ55pY8eOtSS96QEAAIB40qiRpQzsbwlt21hS27YVy9Mr8Iq2dpmyYbt2ed/vpk0lbc6cituUUVKhEa+1y8Jl8qOcO/tVqr6uqj1G3g+l6msh8FqzZo1NmTLF/v3vf9uvfvUrl/n65S9/6RZUPvBAj5XSAQAAgHjUooXZPvuUNK8y+evWRZ9fpjL52sdrXtqqVSVt1qyK21NSSrJiXnPLune3npmtrefo2itVX1dzyIRS9bUceCUnJ9sxxxzjmoprvPLKK/bss8/a6NGjrVOnTrZ06dLq3iUAAAAQX5Qda9++pHklFwoKvMvkhwO19eu971e3W7KkpHlR3YQePVxp/FSv4YyNG8fdHDKhVL0PgVckZbs01HDz5s32ww8/2DfRxsHWgptvvtluueWWMtf16dPHFi5c6P6/a9cuu/LKK+25556zvLw8d1x//etfrZ2q0vxo+fLldtFFF9nMmTNdMZBzzjnH7rzzThdMAgAAAFWmzNVee5U0L9u3ly2TXz5zpu3RbjdvXknzoiGT0eaXde5cclx1PIeMUvVVU6OII5zpeuaZZ2z69OnWuXNnO+200+yll14yPw0YMMDefvvt0suRAZPmnr355pv24osvWvPmze2SSy5xRUA++OADt72oqMiOPvpotwD0hx9+6IZMnn322ZaSkmJ33HGHr8cNAACABkaZq4EDS5rXcMSNG6OvXaYy+cqMecnOLmkff+ydpVPwFWV+2ejeWb7MIaNUvU+B16mnnmpvvPGGy3ZpjpcWTR4+fLjVBQVaCpzK27p1q/3jH/9wQx4PPfRQd90TTzxh/fr1s48++sgOOOAAe+utt+zrr792gZuyYHvvvbfddtttdu2117psWqoW9wMAAAD8puCkTZuStu++Fber3P3q1d5zy9Q0f8yL5pwpaFN7552K29PTrWe3btaze3e7sFt3y+/S1ZL36mEpLdLNUtvU6KlQqt7HwEsVDF944QXPaobz58+3gV5RfS1ZvHixdejQwdLT012wp2GCXbp0sTlz5lhBQYEdfvjhpfv27dvXbZs9e7YLvPRz0KBBZYYe6jlo6OGCBQtsH69JlWZu2KJa2Datku7e18WuxZIeX2NyY30cqF30a/DQp8FEvwYPfRpM9bJfFcB07FjSRo2quF3VFhVc/RiIJZQb0piwebP3/ep2mqazcKHpLL5Ruc0hFRtRhkxrmHXvbiFlyn78v/uZnl7hLnfkFVhBUZGlJSdYgoWiPqW05AS3n/ZPTvQeDlkf+7Q6x1DtwEvDCyPl5OS4CoePPfaYC4A0pM8P+++/vz355JNuXpeGCWq+16hRo1ywt3btWpexaqE3SwQFWdom+hkZdIW3h7dFo+Cu/NwyWb9+vZtXFuuOVrZPb7zE8uVRUW/Rr8FDnwYT/Ro89GkwBbZfW7YsaUOHVtiUsG2bJS1fXqEl6+eKFZYQ5Rw2QeX1584tabpcbntRVpYVde5sRV26lLaCTp1t752Ftr5ZK2uWUjEwC0srLHBVDrdv2Wh5OYmB6VPFQlVV46oS7733nhve9/LLL7sslOZTPfTQQ+aXI488svT/gwcPdoFY165dXfatkVYX98l1111n48ePL5Px0py2zMxMa9asmcWS3nRK3epYYv2mQ+2hX4OHPg0m+jV46NNgapD9qgIcPXt6blKwEoosk//995YQXrfsxzL5CVESKUlr17pmn35a5vqbVKwxKdk2tc6yjW062PrM9rYhs6NtaNPBNmR2sOzW7e2b/FQ7aVhH69i+4rSh+tynGonnS+ClzJCyTgq4FIBojpeG4b366qvWv39/q0vKbvXu3duWLFliP//5zy0/P9+2bNlSJuu1bt260jlh+vnJJ5+UuQ9tD2+LJi0tzbXy1Mmx7mjRmy5ejgW1h34NHvo0mOjX4KFPg4l+LUeLOKuNGFFxm4p6rFwZfX7Zj+fP5aUUFVq77JWuedmZ1sgSu3e3xN49vasyqhhJPezT6jx+lQOvY4891mW5VBnwvvvusyOOOMLN8Xr44YctFrZv3+7WDDvrrLNs2LBhrjqhKiyedNJJbvuiRYtc+fhw4Q/9vP322y07O9va6lsAM5s2bZrLWtV10AgAAADEJZWjDwdDXnbsqFgmf9ky2/7Nt5b4w/eWsSvX82aN8naaLfy6pHnJzIxeJr9Ll6hl8uuTKgde//vf/+z3v/+9K0bRq1cvq2tXXXWVC/40vHD16tV20003ucBPZexVPn7cuHFuSGCrVq1cMHXppZe6YEuFNWTMmDEuwFKgdvfdd7vs3Q033GAXX3yxZ0YLAAAAQDlawHnAgJIWQfmqJeu22TuzF9mSj7+yVtmrrMPmtbZ34SbrkZNtGatWlBQEyc/3vl8tOK1WboSao6xSp04/BWPdull669ZmRx1VEpgFLfCaNWuWG2Ko7JLKtCuAUWn5urJy5UoXZG3cuNGN5xw5cqQrFa//y6RJk1yqTxmvyAWUwxSkqQy+AkcFZI0bN3YLKN9666119hwAAACAoOrZrpn1PH5fyz9mmO0sKLJGKUllS8cXF5eUyfdauyxcJl9rnJWn2y1fXtLefdd0j5pcVKzkST0KvBJCmmFXDTt27LDnn3/eHn/8cTdnSlUMJ06caOeee641bRr8BdE0t00ZNlVSiYfiGuGhk7Ee34raQ78GD30aTPRr8NCnwUS/1iN5eWXK5JdpCtQ2bSqze/G0aZYYsZxUvMcG1a5qqEyRgiw1zaNSFuyuu+6yP/zhD67IxWuvvbYnxw4AAACgIUpLM+vdu6R50Xq6y5ZZ8dKltv2rr6zJoEFWn+xR2K81tTRfSsMAtZYXAAAAAPiiWTOzIUPMjj/eci+4oKQgRz1SK/lWzZ86/vjjyXYBAAAA8FV+YbHtyCt0P+uTGi+gDAAAAAB1ZfG6HJuyYK3N+na9tU3ZZdkFy21k70w7cmCW9Wwb/7UmCLwAAAAAxLWZC7PtgRmLbXNugTVLS7Kk1ATbVVBkk+euctsuPayXje5TslZvvCLwAgAAABDXma4HZiy23Pwi6946wxITzDJSzDIT06x1E7PVW3fZA9MXW+eWjeI680VNTQAAAABxa8qCtS7T1aF5uiUkJJTZpsu6XtunLlhn8YzACwAAAEBcyi8stve/3WBN05IrBF1hul7b3120Pq4LbhB4AQAAAIhLOwuKLL+o2FKTKw9btF37af94ReBVj9XXUpoAAABAVTRKSbLUpMTdnu9qu/bT/vGK4hr1UH0vpQkAAABUhTJZo3q3cdUL2zRJ9RxuGAqFLCev0MYOzNptZiyW4vfI4EnlMq99eZ5786mEZlLCT6U0r3lpns1clB3rQwQAAABqzREDsqxlRoqrXqggK5Iu63ptHzugncUzAq96XEozs2maZaQlu5+6rOtVSnNJdk6sDxUAAACoFb3aNXXrdGWkJtmyjbm2PifPcvMK3U9d1vXaHu8jvxhqWA9LaSrIKkmzhiqU0tSbT6U04/2NBwAAAFSVFkfWOl06z31vUbYVhQosPSXJxgxs7zJd9eHcl8AroKU0zxvVI67HuAIAAADVoeBKbdyIbrZqzVrr2D7L0lPrTzjDmXk9EaRSmgAAAEBN6Xy3cVpyvUsy1K+jbcCCVEoTAICGSH+jt+4sYBkYoIGqP7m5Bi5IpTQBAGiIy8BoyoAbvZJU8jedZWCAhoWz83okKKU0AQBoqMvAJCeyDAzQUBF41SNBKaUJAEBDXQameaMUloEBGiiGGtYzQSilCQBAw1wG5icsAwM0PARe9VB9L6UJAEA8UtGLHXmF7md66p4NCmIZGADlcbZej9XXUpoAAMRj8YtZ3663tim7LLtguY3snblHxS9qsgwMf8+BYCPwAgAADbr4heZhaUhgs7QkS0r9qfiFtmnutIb513QZGN1XZVx2LSWJZWCABoCvVgAAQINcC8ur+EVGWnKtFL8ILwOjZV7KVyIuvwzMwX0yyXYBDQAZLwAA0CDXwqpY/CJUq8UvtAyMsmZa7kX3FTnXi2VggIaHr1cAAECDWwurusUvapJh81oGRtk6loEBGiYyXgAAIG6VHw4YGSS1aZLqskYaDqilVqoTwNRV8YvIZWBcAFdUMqdr7MAsloEBGhgCLwAA0ODWwqrL4hfhZWBUMl4BnHts5nQBDQ6fetT7ydEAEDT8jvR/OGAsil/oPpo3SiHoAhooMl6o95OjASAo+B1Zt8MBKxa/+GkbxS8A1Da+ckG9nhwNAEERlN+RtZmtCw8H3N19abv2q+5wQK/iF7l5hRS/AOALMl6o15OjASAIgvA70o9sXXg4oIJPvQ5eww3DwwFVrGJPi1+8tyjbikIFbk7XmIHtKX4BoFYReKFeT44GgCCo778jla1T4KjnoPlWCoDC2TptU9ZIAU5N1MVaWOHiF+NGdLNVa9Zax/ZZlp7KKRKA2sVQQ/iuLtZKAYD6qr7/jiyfrctsmuYKSOinLut6ZeuWZOfU6P7rci0sBYyNfwwcAaC28XUOfFdXa6UAQH1U339H1kW2jrWwAAQBgRd8V5drpQBAfVOff0dWN1undaxqGjSyFhaA+o7fWPBdLNZKAYD6oj7/jqxJtm5PsRYWgPqK31qoE5ocrcnPmgRd/sSCtVIANHT19Xek3+XeASBICLxQJ+pycjQA1Df19Xdkfc7WAUBdY44X6gyTowEgeL8j66LcOwAEAYEX6hSTowEgWL8jw9k6lYxXdi68jpeGFyrTpaArHrN1AFDXCLwQE/qjHO8nEwAQK/Xtd2R9zdYBQF0i8AIAAA0yWwcAdYnACwAANNhsHQDUFX4zAgAAAIDPCLwAAAAAwGcEXgAAAADgMwIvAAAAAPAZgRcAAAAA+IzACwAAAAB8RuAFAAAAAD4j8AIAAAAAnxF4AQAAAIDPCLwAAAAAwGcEXgAAAADgMwIvAAAAAPAZgRcAAAAA+IzACwAAAAB8RuAFAAAAAD4j8AIAAAAAnzXYwOuhhx6ybt26WXp6uu2///72ySefxPqQAAAAAARUgwy8nn/+eRs/frzddNNNNnfuXBsyZIiNHTvWsrOzY31oAAAAAAKoQQZeEydOtPPOO89+85vfWP/+/e3hhx+2jIwMe/zxx2N9aAAAAAACKNkamPz8fJszZ45dd911pdclJiba4YcfbrNnz66wf15enmth27Ztcz+Li4tdiyU9figUivlxoHbRr8FDnwYT/Ro89Gkw0a/BUxxHfVqdY2hwgdeGDRusqKjI2rVrV+Z6XV64cGGF/e+880675ZZbKly/fv1627Vrl8W6o7du3ereeAoeEQz0a/DQp8FEvwYPfRpM9GvwFMdRn+bk5FR53wYXeFWXMmOaDxaZ8ercubNlZmZas2bNYv6mS0hIcMcS6zcdag/9Gjz0aTDRr8FDnwYT/Ro8xXHUpyrUV1UNLvBq06aNJSUl2bp168pcr8tZWVkV9k9LS3OtPHVyrDta9KaLl2NB7aFfg4c+DSb6NXjo02CiX4MnIU76tDqP3+DefampqTZs2DCbPn16mahZl4cPHx7TYwMAAAAQTA0u4yUaOnjOOefYz372M9tvv/3svvvusx07drgqhwAAAABQ2xpk4HXKKae44hg33nijrV271vbee2+bMmVKhYIbAAAAAFAbGmTgJZdccolrAAAAAOC3BjfHCwAAAADqGoEXAAAAAPiMwAsAAAAAfEbgBQAAAAA+I/ACAAAAAJ8ReAEAAACAzwi8AAAAAMBnBF4AAAAA4DMCLwAAAADwGYEXAAAAAPiMwAsAAAAAfEbgBQAAAAA+I/ACAAAAAJ8ReAEAAACAzwi8AAAAAMBnBF4AAAAA4DMCLwAAAADwGYEXAAAAAPiMwAsAAAAAfEbgBQAAAAA+I/ACAAAAAJ8ReAEAAACAzwi8AAAAAMBnBF4AAAAA4DMCLwAAAADwGYEXAAAAAPiMwAsAAAAAfEbgBQAAAAA+I/ACAAAAAJ8ReAEAAACAzwi8AAAAAMBnBF4AAAAA4DMCLwAAAADwGYEXAAAAAPiMwAsAAAAAfEbgBQAAAAA+I/ACAAAAAJ8ReAEAAACAzwi8AAAAAMBnBF4AAAAA4DMCLwAAAADwGYEXAAAAAPiMwAsAAAAAfEbgBQAAAAA+I/ACAAAAAJ8ReAEAAACAzwi8AAAAAMBnBF4AAAAA4DMCLwAAAADwGYEXAAAAAPiMwAsAAAAAfEbgBQAAAAA+I/ACAAAAAJ8ReAEAAACAzwi8AAAAAMBnBF4AAAAA4DMCLwAAAADwGYEXUE35hcW2dWeB+wkAAABURXKV9gJgi9fl2JQFa+39bzdYflGxpSYl2qjebezIgVnWs23TWB8eAAAA4hiBF1AFMxdm2wMzFtvm3AJrmpZsqcmJtqugyCbPXeW2XXpYLxvdp22sDxMAAABxisALqEKmS0FXbn6RdW+dYQkJCaXb2jRJtdVbd9kD0xdb55aNyHwBAACgfs/x6tatmzvhjWx33XVXmX3mzZtno0aNsvT0dOvcubPdfffdFe7nxRdftL59+7p9Bg0aZP/973/r8FmgPtLwQmW6OjRPLxN0iS7rem2fumBdzI4RAAAA8a3eBF5y66232po1a0rbpZdeWrpt27ZtNmbMGOvatavNmTPH7rnnHrv55pvt0UcfLd3nww8/tNNOO83GjRtnn3/+uR1//PGuzZ8/P0bPCPFOBTQ0p0vDC8sHXWG6XtvfXbSeghsAAACo/0MNmzZtallZWZ7bnnnmGcvPz7fHH3/cUlNTbcCAAfbFF1/YxIkT7fzzz3f73H///XbEEUfY1Vdf7S7fdtttNm3aNHvwwQft4YcfrtPngvphZ0FRSSGN5Mq/o9B27af9d7cvAAAAGp56FXhpaKGCpS5dutjpp59uV1xxhSUnlzyF2bNn20EHHeSCrrCxY8fahAkTbPPmzdayZUu3z/jx48vcp/Z59dVXoz5mXl6ea5GZNSkuLnYtlvT4oVAo5scRZGlJCa6pkEZCJR+XgsIiS09JcvvuaX/Qr8FDnwYT/Ro89Gkw0a/BUxxHfVqdY6g3gdfvf/97Gzp0qLVq1coNGbzuuuvccENltGTt2rXWvXv3Mrdp165d6TYFXvoZvi5yH10fzZ133mm33HJLhevXr19vu3btslh39NatW90bLzGRLItfft4j3T5cutEyk0Oeww3dBz85z0b0aGNbNm3Y48ejX4OHPg0m+jV46NNgol+DpziO+jQnJ6d+BF5/+MMfXEaqMt98840rhhGZqRo8eLDLbF1wwQUuMEpLS/PtGBXgRT62Ml4q3JGZmWnNmjWzWL/pFAjoWGL9pguygwY3sv8tybU1G4qsQ/O0MsGXPvCqapiR2sgOGtLD2mbueVVD+jV46NNgol+Dhz4NJvo1eIrjqE9VsK9eBF5XXnml/frXv650nx49enhev//++1thYaF9//331qdPHzf3a926slXlwpfD88Ki7RNt3pgoqPMK7NTJse5o0ZsuXo4lqHpnNbdLDuvtSsZ/t3Fn6TpeKqSRk1doLTNS7JLDelmvds1r7THp1+ChT4OJfg0e+jSY6NfgSYiTPq3O48c08FKUqlYTKpyhJ9q2bcmitcOHD7frr7/eCgoKLCUlxV2nwhkKyjTMMLzP9OnT7fLLLy+9H+2j64HKaHFkrdOlkvGuemFRsZvTNXZglo0d0I71uwAAAFD/53ipKMbHH39so0ePdpUNdVmFNc4888zSoErFNjQXS6Xir732WlciXlUMJ02aVHo/l112mR188MF277332tFHH23PPfecffbZZ2VKzgPRKLhSO29UD1e9sFFKEhUMAQAAEJzAS0P9FCRpXS5VGFQRDQVekXOvmjdvbm+99ZZdfPHFNmzYMGvTpo3deOONpaXk5cADD7Rnn33WbrjhBvu///s/69Wrl6toOHDgwBg9M9RHCrYIuAAAABC4wEvVDD/66KPd7qeiG++//36l+/zyl790DQAAAADqCl/bAwAAAIDPCLwAAAAAwGcEXgAAAADgMwIvAAAAAPAZgRcAAAAA+IzACwAAAAB8RuAFAAAAAD4j8AIAAAAAnxF4AQAAAIDPCLwAAAAAwGcEXgAAAADgs2S/HyBoQqGQ+7lt27ZYH4oVFxdbTk6OpaenW2IiMXRQ0K/BQ58GE/0aPPRpMNGvwVMcR30ajgnCMUJlCLyqSZ0snTt3jvWhAAAAAIiTGKF58+aV7pMQqkp4hjIR9urVq61p06aWkJAQ8whbAeCKFSusWbNmMT0W1B76NXjo02CiX4OHPg0m+jV4tsVRnyqUUtDVoUOH3WbfyHhVk17QTp06WTzRGy7WbzrUPvo1eOjTYKJfg4c+DSb6NXiaxUmf7i7TFcZAVwAAAADwGYEXAAAAAPiMwKseS0tLs5tuusn9RHDQr8FDnwYT/Ro89Gkw0a/Bk1ZP+5TiGgAAAADgMzJeAAAAAOAzAi8AAAAA8BmBFwAAAAD4jMALAAAAAHxG4BVj7733nh177LFuteuEhAR79dVXy2xft26d/frXv3bbMzIy7IgjjrDFixeX2Wfp0qV2wgknWGZmpltE7le/+pW7XaRu3bq5+49sd911V508x4bmzjvvtH333deaNm1qbdu2teOPP94WLVpUZp9du3bZxRdfbK1bt7YmTZrYSSedVKHPli9fbkcffbTrd93P1VdfbYWFhWX2eeedd2zo0KGuqk/Pnj3tySefrJPn2BDVVb+qT8t/VtXWrl1bZ8+1oaitPv39739vw4YNc5/Dvffe2/Ox5s2bZ6NGjbL09HTr3Lmz3X333b4+t4asrvr1+++/9/ysfvTRR74/x4amNvr0yy+/tNNOO819/ho1amT9+vWz+++/v8Jj8Xc1WH36Tpz9TSXwirEdO3bYkCFD7KGHHqqwTQUn9Ub87rvv7D//+Y99/vnn1rVrVzv88MPd7cK3HzNmjHsTzZgxwz744APLz893wVxxcXGZ+7v11lttzZo1pe3SSy+ts+fZkLz77rvuF4X++E6bNs0KCgpcH4X7TK644gp7/fXX7cUXX3T7r1692k488cTS7UVFRe7kXH354Ycf2lNPPeV++d94442l+yxbtsztM3r0aPviiy/s8ssvt9/+9rc2derUOn/ODUFd9WuY/gBFfl71hwnx16dh5557rp1yyimej7Nt2zZ3v/r9PWfOHLvnnnvs5ptvtkcffdTX59dQ1VW/hr399ttlPqsK1hB/farPnn6PPv3007ZgwQK7/vrr7brrrrMHH3ywdB/+rgavT+Pub6rKySM+qDteeeWV0suLFi1y182fP7/0uqKiolBmZmbo73//u7s8derUUGJiYmjr1q2l+2zZsiWUkJAQmjZtWul1Xbt2DU2aNKnOngt+kp2d7frx3XffLe2flJSU0Isvvli6zzfffOP2mT17trv83//+1/Xr2rVrS/f529/+FmrWrFkoLy/PXb7mmmtCAwYMKPNYp5xySmjs2LF19MwaNr/6debMme42mzdvrvPn1NDVpE8j3XTTTaEhQ4ZUuP6vf/1rqGXLlqV9LNdee22oT58+vj0X+N+vy5Ytc7f5/PPPfX4GqO0+Dfvd734XGj16dOll/q4Gr09nxtnfVDJecSwvL8/91NCUsMTERJf+njVrVuk+ynZFLiCn/bVfeJ8wDS1UunafffZx37iWH7YGf2zdutX9bNWqVek3NPpmR5nLsL59+1qXLl1s9uzZ7rJ+Dho0yNq1a1e6z9ixY9035/pWJ7xP5H2E9wnfB+pnv4ZpaFP79u3t5z//uctkIz77tCq070EHHWSpqall+l3fwG7evLlWnwPqrl/DjjvuOPft+ciRI+21116rxSOH332q+wnfh/B3NXh9Gm9/Uwm84lj4Daa0qf44a3jShAkTbOXKlS5NKgcccIA1btzYrr32WsvNzXUp2quuusoNaQrvEx6r/txzz9nMmTPtggsusDvuuMOuueaaGD67hkHDPTVUYcSIETZw4EB3ncYV6wSsRYsWZfbVyXh4zLF+Rp6ch7eHt1W2j07id+7c6evzauj87Ff9YXj44Yft5Zdfdk1j1w855BCbO3duHT27hqmmfVoVVel31L9+1ZyTe++91w2DevPNN13gpekBBF/1o0813Pv555+3888/v/Q6/q4Gr0/bx9nf1OSYPCqqJCUlxSZPnmzjxo1z0XtSUpKL/I888kg3/0tUUEO/9C+66CL7y1/+4jJdmmioiaH6f9j48eNL/z948GD3ZlYApsmNkdky1C6NX54/f36F7CPqNz/7tU+fPq6FHXjgga6AzqRJk+xf//pXrT8eSvBZDSY/+7VNmzZl/raqUIDmoGhEibJgiN8+1e1/8Ytf2E033eTmFSG4fdonzv6mkvGKc5qkqwmeW7ZscRmsKVOm2MaNG61Hjx6l++gNpjdRdna2bdiwwb2RVq1aVWaf8vbff3831FBVmeCPSy65xN544w2XZezUqVPp9VlZWS57qT6NpEo92hbep3yFrfDl3e2jypaq7oP62a9e9ttvP1uyZEktPxPURp9WRU37HfHdr9H+tvJZje8+/frrr+2www5zWZEbbrihzDb+rgavT+PtbyqBVz3RvHlzl91SKfnPPvvMRfVe374pJavqhgrCKvvGTcGcMmJUSqt9ykbqF8krr7zi+qJ79+4VgmllM6dPn156neZ6qMz48OHD3WX9/Oqrr1w/hqnqj3759+/fv3SfyPsI7xO+D9TPfo32edVwCcRfn1aF9tXSIZqvENnv+ha2ZcuWtfRsUNf96oXPanz3qebSqmLhOeecY7fffnuFx+HvavD61EtMP6exru7R0OXk5LiKSGrqjokTJ7r///DDD277Cy+84CqyLF26NPTqq6+66oQnnnhimft4/PHHXYWXJUuWhP71r3+FWrVqFRo/fnzp9g8//NBVNPziiy/c/Tz99NOuMuLZZ59d58+3IbjoootCzZs3D73zzjuhNWvWlLbc3NzSfS688MJQly5dQjNmzAh99tlnoeHDh7sWVlhYGBo4cGBozJgxrt+mTJni+uy6664r3ee7774LZWRkhK6++mpX6eehhx4KJSUluX1Rf/tVn1V91hcvXhz66quvQpdddpmrhPj222/X+XMOutroU1Ff6ff2BRdcEOrdu3fp7/RwFUNV52rXrl3orLPOclVqn3vuOffZfeSRR+r8OTcEddWvTz75ZOjZZ591v3/Vbr/9dvdZ1d9kxF+f6vepft+eeeaZZe5D1fTC+LsavD6dFGd/Uwm8Yixc5rJ8O+ecc9z2+++/P9SpUydXUlNvvhtuuKFMSeJwWWL9Udc+vXr1Ct17772h4uLi0u1z5swJ7b///u4Nnp6eHurXr1/ojjvuCO3atavOn29D4NWfak888UTpPjt37nQlT1ViWr/kTzjhBPfLItL3338fOvLII0ONGjUKtWnTJnTllVeGCgoKKrx/9t5771BqamqoR48eZR4D9bNfJ0yYENprr73cZ1VfohxyyCHujw7it08PPvhgz/tRufGwL7/8MjRy5MhQWlpaqGPHjqG77rqrTp9rQ1JX/arAS39PdXstCbHffvuVKX2N+OpTLQvgdR/6QjsSf1eD1acT4uxvaoL+iU2uDQAAAAAaBuZ4AQAAAIDPCLwAAAAAwGcEXgAAAADgMwIvAAAAAPAZgRcAAAAA+IzACwAAAAB8RuAFAAAAAD4j8AIAAAAAnxF4AQAAAIDPCLwAAA1aKBSyww8/3MaOHVth21//+ldr0aKFrVy5MibHBgAIDgIvAECDlpCQYE888YR9/PHH9sgjj5Rev2zZMrvmmmvsgQcesE6dOtXqYxYUFNTq/QEA4h+BFwCgwevcubPdf//9dtVVV7mAS1mwcePG2ZgxY2yfffaxI4880po0aWLt2rWzs846yzZs2FB62ylTptjIkSNdZqx169Z2zDHH2NKlS0u3f//99y64e/755+3ggw+29PR0e+aZZ2L0TAEAsZIQ0l8XAABgxx9/vG3dutVOPPFEu+2222zBggU2YMAA++1vf2tnn3227dy506699lorLCy0GTNmuNu8/PLLLrAaPHiwbd++3W688UYXbH3xxReWmJjo/t+9e3fr1q2b3XvvvS6QU/DVvn37WD9dAEAdIvACAOBH2dnZLtDatGmTC6jmz59v77//vk2dOrV0H833UoZs0aJF1rt37wr3oWxYZmamffXVVzZw4MDSwOu+++6zyy67rI6fEQAgXjDUEACAH7Vt29YuuOAC69evn8t+ffnllzZz5kw3zDDc+vbt6/YNDydcvHixnXbaadajRw9r1qyZy2zJ8uXLy9z3z372sxg8IwBAvEiO9QEAABBPkpOTXRMNHTz22GNtwoQJFfYLDxXU9q5du9rf//5369ChgxUXF7tMV35+fpn9GzduXEfPAAAQjwi8AACIYujQoW7IobJY4WAs0saNG92QQwVdo0aNctfNmjUrBkcKAIh3DDUEACCKiy++2M330lDCTz/91A0v1Hyv3/zmN1ZUVGQtW7Z0lQwfffRRW7JkiSu4MX78+FgfNgAgDhF4AQAQhYYOfvDBBy7IUmn5QYMG2eWXX+5Kx6tiodpzzz1nc+bMccMLr7jiCrvnnntifdgAgDhEVUMAAAAA8BkZLwAAAADwGYEXAAAAAPiMwAsAAAAAfEbgBQAAAAA+I/ACAAAAAJ8ReAEAAACAzwi8AAAAAMBnBF4AAAAA4DMCLwAAAADwGYEXAAAAAPiMwAsAAAAAzF//D2l8nhMUOKS7AAAAAElFTkSuQmCC""
}
","Reading inline script metadata from `analysis_script.py`
"
"create 2 lists of random numbers, and find the correlation between those arrays, and return only the correlation value in a json array",2025-08-17 11:33:43.010271,0,0,"[-0.06730748276375013]
","Installed 1 package in 349ms
"
